,song_name,lyrics,release_date,impression
0,Awake,"Pandemic Plandemic地球よ　are you ready？消えてくmoney　増えてく闇誰が敵で、誰が family？Fathers がいない子供達Mothers を責めて指を刺し悪魔は boys & girls に hush恐怖に怯える面差しSo, where we going？ Where we going？ハーメルンの笛の鳴る方に連れて行かれないように握る小さな手 of ToyomiAnd I tell her love is the answerMay be we are the cancer誰のための riot？裏で糸引く liarsParadox Paradox投げ合う苦しみの rocksなぜ人は奪い、壊し、争い、忘れてる、全ては one分けることができないこと分かることで、分かち合う生まれる　free energy陰と陽の　beautiful synergy分裂する　black brown and yellowFirst class, middle class and ghetto10%が作る線を残りはあくせくと swallowNano レベルの tricknology6 for equal qualities団結は majority繋ないでく灯火thanks to the earth　thanks to the sunthanks to the moon　thanks to the wombthanks to the mind　thanks to the artthanks to the life　thanks to the heartThanks for the love yeaHERE and NOW からもう逃げないNo more　ないものねだり愛という名の Ammoで run itWe're coming and gunning女神たちの気配背負う願い時に目眩するほど長い道のりも粘りLook、　エゴを許し、愛を選び集うジェダイ、命を照らしShare the legacy、めくるメカニズムの得体解ける世界この歌詞をマイ歌ネットに登録>このアーティストをマイ歌ネットに登録>",2020/8/21,情報なし
1,Ashes,"First I heistedBut I called your mom backCause I felt like no time to be wastedShe was still a mess I mean we both wereI wished I could be closerBut I collected all the strengthsthere were left in me and I told her....“Your sonDoesn't wanna be buried.And I know this cause we talked about it acouple of times in our marriage.He said 'if anything should happen release me into the sea. I don't need no grave for nobody to come see me'.”She laughed“sound just like him”She cried and I began cite himWe laughed cause he hadAlways something to sayAll this love he gaveAll this pain we have to takeI held the hands of our daughter to make her understandHe became free of formThere's no wonderlandShe asked why how, and if he suffered painI answered as much as I could honestly imagineShe told me that his ashes is soft to touchI told her please remember he loved you muchWe went to a beach no one knows aboutWe entered the water with his ashes in our arms and saidPlease become the water and breezeThe sun the cloud the mountains and treesYour hair your skin your heartYour energy to loveEverything you need to go onNow the both of us covered with ashes kissing and hugging and cryingScreaming off the top of our heads andthe splashes are making her smileI clutched her arms and said“Look. This what your daddy becameHis energy is in everything that surrounds you and you are safe.”Everywhere you go, everything you do, have no doubt or fearWhen the darkness hits you, please don't be ashamed to shed tearsMake your self at home anywhere you're atThis is how he taught us everything is one”She screamed“I am you. You are me. We'll always be.Thank you for the love and life you gave me.You gave my mommy the light she needed.Please return in peace now you are free！”She told me that his ashes is soft to touchI told her please remember he loved you muchWe went to a beach no one knows aboutWe entered the water with his ashes in our arms and saidPlease become the water and breezeThe sun the cloud the mountains and treesYour hair your skin your heartYour energy to loveEverything you need to go onNow the both of us covered with ashes kissing and hugging and cryingScreaming off the top of our heads andthe splashes are making her smileI clutched her arms and said“Look. This what your daddy becameHis energy is in everything that surrounds you and you are safe.”Everywhere you go, everything you do, have no doubt or fearWhen the darkness hits you, please don't be ashamed to shed tearsMake your self at home anywhere you're atThis is how he taught us everything is one”She screamed“I am you. You are me. We'll always be.Thank you for the love and life you gave me.You gave my mommy the light she needed.Please return in peace now you are free！”A:“Energy”T:“Energy”A:“He is... Say He is”T:“He is”A:“The Life Force”T:“The Life Force”A:“Energy”T:“Energy”A:“Divine”T:“Divine”A:“Peace God”T:“Peace God”A:“I Love you”T:“I Love you”A:“And you are me”T:“And you are me”A:“And I am you”T:“And I am you”A:“I love you forever”T:“I love you forever”この歌詞をマイ歌ネットに登録>このアーティストをマイ歌ネットに登録>",2017/8/8,情報なし
2,Arigato,I'll cry you a river海へと渡るこの涙Will heal my soul in time散らかった悪夢のかけら　そっと避けながらI'm walking forward nowかすかな光が照らす方へこんなにも弱い泣き虫でもLook at me nowI survivedもう大丈夫I can feel the love nowI can feel the love nowWowCan you feel the love？ (yes you can) feel the love？ (yes you can)WowCan you feel the love？ (yes you can) feel the love？ (yes you can)走り、走り、走り、走りぬいて Look at me　ここに立つよ今走り、走り、走り、走りぬいて Look at me　ここに立つよ今I can feel the love nowいつか聞いたこの世の秘密いつの間にか忘れていた光追いかけていた　悪魔の後を答えがあると手を伸ばした失う事恐れるたびにまた一つ失っていたありのまま　嘘だらけの心さらけ出せたら？I would smile againかすかな光が照らす方へこんなにも弱い泣き虫でもLook at me nowI survivedもう大丈夫I can feel the love nowI can feel the love nowWowCan you feel the love？ (yes you can) feel the love？ (yes you can)WowCan you feel the love？ (yes you can) feel the love？ (yes you can)走り、走り、走り、走りぬいて Look at me　ここに立つよ今走り、走り、走り、走りぬいて Look at me　ここに立つよ今I can feel the love nowWould you pull the trigger or would you give me redemption？折れた羽をそっと抱き寄せてくれるこんなにも愛されてることをI was too scared to know逃げ出したけどBut I'm coming home nowかすかな光が照らす方へこんなにも弱い泣き虫でもLook at me nowI survivedもう大丈夫I can feel the love nowI can feel the love nowWowCan you feel the love？ (yes you can) feel the love？ (yes you can)WowCan you feel the love？ (yes you can) feel the love？ (yes you can)走り、走り、走り、走りぬいて Look at me　ここに立つよ今走り、走り、走り、走りぬいて Look at me　ここに立つよ今I can feel the love nowこの歌詞をマイ歌ネットに登録>このアーティストをマイ歌ネットに登録>,2020/1/11,情報なし
3,ALI BABA REMIX feat. MFS & ralph,Gang してく GangBag してく BagAli BabaAli BabaGang してく GangBag してく BagAli BabaAli Baba「ほら全てが幻」まじ神ってる舐めれば舐めるほどゲロってるHaters は涙Awich は飽きた？冗談きつい Like 私のワギナ奪いとる Bags like Ali Baba のごとくGang on ya gangs　ご愁傷様なんか足りねぇ　上がりたいからもしもし今どこ？　私のサイババ足早 Running　街中舐めたら亡骸立場は明らかCall me mama bloody shottaRap b*tches　クノイチWrap する風呂敷忍ばす Bigger trigga気が気じゃない Ya we the killazGang してく GangBag してく BagAli BabaAli BabaGang してく GangBag してく BagAli BabaAli BabaWho are you？　舐めたきゃ舐めとけI'm a motherf**kin savage何様？とか言われても答えない狙わずとも撃ち抜く勝ち方メインディッシュの前にご馳走様美味しいとこもってけShutta f**k up味わったイチバンMany bans　ありがと変えない Stance yeahまず Dance　踊ろか追わない Dollas　だだだだー気楽ひたすらららららー推薦で来た無敵なギンギンギラーもてなす野次とアンチ味見だけでマンチあげるB*tches　産地直送三ツ星のランチLook at me Look at meかなり ill な女神握手したの Awich男勝り同士嫁にしたいのどっち？むしろ奪え同時Gang してく GangBag してく BagAli BabaAli BabaGang してく GangBag してく BagAli BabaAli BabaBad B*tches　相手にならない貧乏人でもただの Rich より　元貧乏人が好き君の彼女も Flex　俺と撮る写真立派タグは　付いていないけどこの街じゃ　札付きハズレがない麻神もちろん無駄口はナシ働き者　口開けば街の色の歌詞Wannabe b*tch は Too EZ飛べやしない Like a CBD鳴ってる Phone call ring ring ringBad Boy Business BBB俺が狙えば最後ご自慢のダイヤもあの子も奪い取るワンナイト持ち帰る Cash を数えるベッド峰 不二子みたいなボディライン67階から見る 5番街は気付けないほどに小さいしバッグに上がりを詰めて縛るシューレース (NEXT)Just do it like a NIKEGrrrGang してく GangBag してく BagAli BabaAli BabaGang してく GangBag してく BagAli BabaAli Babaこの歌詞をマイ歌ネットに登録>このアーティストをマイ歌ネットに登録>,2023/10/25,情報なし
4,If She Cries,Did she pick you up when you're broken？Did she warm you up when you're frozen？Did she try to mend your heart that's stolen？Did you think I ain't see thatAnd all cause of me yea？It's her love It's her love It's her loveThat slowly had you openedYour love is raw nowNo more TrojansThink you've chosenBut you know my calls are rareAnd I know that I'm fairI just want a little piece to take homeSo break it off for meIf she cries you can blame on meIf that is what would set you freeShe's the heroine with pretty tearsShe can have all that ×2You don't really need toLove me Love me Love me ×2All I really want is toLove you Love you Love you ×2Goddamn your surrender is seductiveEven when you know I'm not to be trustedBut I know she doesn't do the D justiceYou ain't gotta say nothing ×2I'm back in your city nowI'm just checking on ya see how you feeling nowFigured you'd be alright to kind of laugh it off with me nowThen after that we can get to the nitty of the grittyNow that you are hereShould let go your fearIs it the sake that made me look wavy or is it your tears？Wipe them off on meWipe them all off on me yaYou hate love so much and it's all cause of me yaBut you know my calls are rareAnd I know that I'm fairI just want a little piece to take homeSo break it off for meIf she cries you can blame on meIf that is what would set you freeShe's the heroine with pretty tearsShe can have all that ×2You don't really need toLove me Love me Love me ×2All I really want is toLove you Love you Love you ×2この歌詞をマイ歌ネットに登録>このアーティストをマイ歌ネットに登録>,2018/10/10,情報なし
5,Wait For Me,嵐が吹き荒れる夜はもう慣れた朝には必ず晴れる Please remember that寝顔を見ながら書く君に捧ぐバースIt's more than meIt's more than meEvery smileEvery wordEvery moment握り締めててもすり抜けちゃいそうでBaby wait for meCan you wait for me？今日はゆっくり一緒に遊ぼうってしてた Promise もまた割り込む緊急の Call繋いだ手解いてごめんねって　でも I have to go家の Door　閉める寸前不貞腐れてても必ず言ってくれる「お仕事頑張ってよ」約束した To be the greatest　信じてくれる To the fullest今の私があるの全部君のおかげでどん底から一緒にいた君と祝う Pay dayNever listened whatever they sayその未来のため I make way声が聞こえる“Will you be home soon？”もう少しだから Can you wait for me？待ちぼうけの Your face“I'm sorry I'm late”笑う君は Angel saving meDaddy がいなくなってMommy は元気なくてずっと寝てばっかいた私を君はかばって「Mommy は疲れてるからって誰も邪魔しないで」一番辛い思いしたのにずっと笑ってだから大きな家に二人で引っ越した時嬉しくて見つめてたらYou said「なんかついてる顔に？」「ね何？やめて、怖いから笑」って二人笑う今まで泣いた分だけ一緒に笑おうOh　あなたは私の誇りその言葉だけあれば I can beA superhuman君の Future笑うために起こす Revolution声が聞こえる“Will you be home soon？”もう少しだから Can you wait for me？待ちぼうけの Your face“I'm sorry I'm late”笑う君は Angel saving meこの歌詞をマイ歌ネットに登録>このアーティストをマイ歌ネットに登録>,2023/10/25,情報なし
6,WheU@,"Straight from the Far East archipelagoいつもやらかしてた Parties in Nago昔は吸ってたうるまのタバコ今じゃYomi Jahが女神のたまごWhere you at mami？　上がる58247 drop top switching lanes左に曲がり到着 Big knotBig Business　まとめるBig gyalWhere you at papi？　ちょうだいsweet love忙しかったよ I need to relaxYaw call Mr. Freedom　やったー今どこ？唾奇とかも今誘ってたとこHey Gracie, call your sister and your momランゲージはmix　言葉 Original島は今日もpeace and it feels like summer響く着信、でまた誰かがWhere you at, pretty girlWhere you at, bad boyWhere you at, hustlasWhere you at, bad bitches外れたヤツらが作ってく道地図にでっかく載せる俺の位置Where you at, pretty girlWhere you at, bad boyWhere you at, hustlasWhere you at, bad bitchesこっから先誰にとっても未知繋いでく愛が1番のRiches246から420いつも通りChakiのStudioへHelloまたちゃちゃっと料理しちゃうBangakZmでも呼んでご飯いこっか私がライブなら必ずかますもにぺっジャンもステージを荒らす今宵もYENの誰かが回すIce Cold Cityに音楽を鳴らすWhere you at　皆 LINEを回すJamのスタジオ？Wrepかライオン？Harlem、Vision、ついてくる美女U-Leeのギャグに笑う一同RyuwにWatapachiSocksはNabe WalksYENTOWN all night longしてバグった誰かがまたやらかすねーMarzy何これ？説明してねぇまじで何これ？説明してWhere you at, pretty girlWhere you at, bad boyWhere you at, hustlasWhere you at, bad bitches外れたヤツらが作ってく道地図にでっかく載せる俺の位置Where you at, pretty girlWhere you at, bad boyWhere you at, hustlasWhere you at, bad bitchesこっから先誰にとっても未知繋いでく愛が1番のRichesこの歌詞をマイ歌ネットに登録>このアーティストをマイ歌ネットに登録>",2022/3/4,情報なし
7,UMUI ft. KOJA MISAKO,This is usThis for all the honorable gatekeepers of the rockWe need you more than everWhat do you know about us？Where did you hear about us？Well did you pay attention？I bet you never didThis is the rock we liveCome get this work we giveWe wear it honestlyBloody loyalty on our sleeves戦世ん終わティ(いくさゆんうわてぃ)今や弥勒世(なまやみるくゆ)此ぬ世ぬ中や銭に靡ち(くぬゆぬなかやじんになびち)人ぬ変わてぃん(ふぃとぅぬかわてぃん)世ぬ変わてぃん(ゆーぬかわてぃん)銭や変わらん(じんぬかわらん)銭銭加那志(じんじんがなしー)嗚呼御尊嗚呼御願サビラWe love hardWe hate hardGenerations of broken heartsYou take take take take take take take take from what is oursWhat you gave; we never askedYou got us yea yea; now we gassedLost our EssenesSit our assesForgot our futureWon't end our pastSo where's your family？“Your life matters？”Profanity！Greater good for the one world？Forget the loss of this one girl？此ぬ世間に出てぃ(くぬしけにでぃてぃ)命ゆ給ち(いぬちゆたぼち)Who fuck are you to judge itYou do not know me嗚呼御尊嗚呼御願サビラChoppas in the airBarrels undergroundWe ain't saying shitWe just living it how it comesこの歌詞をマイ歌ネットに登録>このアーティストをマイ歌ネットに登録>,2017/8/8,情報なし
8,NWO,"Are you ready for the vendetta火蓋は切り落とされたAnd the kids don't know no betterHeads get deader necks get wetter愛の祟りTruth 101 for the dummies迷子を導く光Goodbye to your mommy and daddyMoney killing bitches willingEmpty mind full bellyGood thing for bad peopleDarkness lights camera action全部演技全部全部演技友情とかも全部演技感じてたのも全部演技忘れたふりも全部演技I don't even like youNo way out　後戻りはなし大人しくしてれば死にはしないLose what？ I got nothing　いつでも Battle-readyMotherfuckers never loved me I ain't trusting nobodyGive me the, give me the, give me the double lines through the YsYENJAMIN YENJAMIN　やめなさい悪あがきWhat is the lie？　わからない天使たちの空笑い迷い捨てて全て Give it up我々は許されし道を歩み続ける我々は許されし道で祈り続けるOn the motherfucking balls and the chains with no clue我々は許されし道を歩み続けるこの歌詞をマイ歌ネットに登録>このアーティストをマイ歌ネットに登録>",2020/1/11,情報なし
9,Yen Bloc,"dem ah run their mouth truemi ah run tingranking top gyal　一体何人のboysがwant me？素通るパンピーyounginには荷が重すぎるやん6 sextillionまるでchameleonスッと消化するbeefはfilet mignonんで I shit on thembring me the　オマルkZm Bussinskip skip to my lou型にははまらん、こっちがはめるbody nice　たまらん、お金をためるYENTOWN hear mi now　怒りは意味ない仕事をget it done　遊ぶ人一倍we ah get it donedo not pull backbusiness, full block問わない昼夜嗅ぎ分ける嗅覚根こそぎ収穫new time, big clocksBulls eye, Yen blocget it donedo not pull backbusiness, full block問わない昼夜嗅ぎ分ける嗅覚根こそぎ収穫new time, big clocksBulls eye, Yen blocScapegoat　おんぶに抱っこ忙しい昨今、mi a se fuck offScama dem,shotta dem, hustles　脱法Good pussy　ギッコンバッコンon top my head game slaughter溢れ出るslobber dadaが囁くaint nobody baddaA big boss husband bad bitch　あげまん無視するargument money money　掛け算見れば目の毒、聞けば気の毒知らぬは知らぬでまた騒ぎ出す他人の話、突っ込み足掻きそもそも、あなたはなんの係？現実はブランコ秘密のあっこてくまくマヤコンI run it like a marathon女なんてほぼサムネ詐欺A boogie　実物に自信ありwe ah get it donedo not pull backbusiness, full block問わない昼夜嗅ぎ分ける嗅覚根こそぎ収穫new time, big clocksBulls eye, Yen blocget it donedo not pull backbusiness, full block問わない昼夜嗅ぎ分ける嗅覚根こそぎ収穫new time, big clocksBulls eye, Yen blocこの歌詞をマイ歌ネットに登録>このアーティストをマイ歌ネットに登録>",2022/3/4,情報なし
10,Open It Up,"Uh ahhh open it upあるはずもない扉What？ ahhh who gives a fuckみな同じ穴のむじなWait ahhh　いただきますお宝全部いただきますWow ahhh open it upUh ahhhh open it upひらけゴマまだ見ぬお宝が眠る境地の扉を開け怖がらずに Open the fuck up　脳みそパッカンで飛び立つタケコプターくだらんルールの重力無視して FloatI get so high　アブラカタブラ言葉は現実の種Jackson Janet みたいに Anytime anyplace　目を見開き ReadyOutta planet　地球の外から手を振る I say　お先にじゃーね「暇じゃねー」唾奇みたいにいつでも Fucking　行方不明 MIA月を目掛けチャリ漕いでいったホフマン先生 God dammitRocket science　太陽までの 93million　マイルを全速力で飛ばす原動力得るため刺激する前頭葉 CortexHahaha bitches them vexお前の Flow　飽きた What's next気持ちいとこ突いてよ Like sexYou ain't Mr. right, you're left私の Bad bitches　団結安さが取り柄の Fake hoes　全滅前代未聞の Vision にアクセスバグった女神が生み出す伝説あーだ　こーだ　どーだ　No だあんた　指導者気取った Joker you ain't YodaWater　さえも犯され放題胡麻擂り誤魔化す公害なんてこった　まー濁った SodaPo up　乾いた喉が Saok up許可とか評価とか BogusHocus pocus　坊やほら FocusUh ahhh open it upあるはずもない扉What？ ahhh who gives a fuckみな同じ穴のむじなWait ahhh　いただきますお宝全部いただきますWow ahhh open it upUh ahhhh open it upこの歌詞をマイ歌ネットに登録>このアーティストをマイ歌ネットに登録>",2020/1/11,情報なし
11,かくれんぼ,億千万のハートブレイクこの青い星を蠢く吐き捨てた台詞はイノセンス見つけて欲しくて泣いてる曇りのち雨かくれんぼする　もういいかい？まだだよ Falling down　まただよもう探さないで…ビルの隙間に覗く笑いLow を誤魔化すためだけの High吸い殻と抜け殻捨てて Flyけど僕らに帰る場所は無いいつからか君は　薬がないと笑えなくなってった何度追いかけても「大丈夫　僕はこんな運命だ」ってさもういいかい？もういいよ痛みも苦しみも Say good bye半分噛み砕いて AllnightOverdose してるみたいもういいかい？もういいよわかってる　君は精一杯そんなに謝らなくても I know手を繋いでいてI know you been feeling downBeen looking for you all around townCan you hear me callingCan you hear me calling億千万のストーリーズこの青い星を蠢く速度は増してくエンドレス動けずに肩をすぼめるI said I'm sorryあの日渡した手紙は今日君の部屋の片隅の方ただ落ちたままだったよとめどなく流れる情報埋もれる Your soul嘘はもうよそうJust tell me　今どこ？会いにいく速攻I can't miss you no more君はかさぶただらけの心で呟いた「幸せなんて馬鹿しかなれないんでしょ？」「馬鹿しかなれないんでしょ？」もういいかい？もういいよ痛みも苦しみも Say good bye半分噛み砕いて AllnightOverdose してるみたいもういいかい？もういいよわかってる　君は精一杯そんなに謝らなくても I know手を繋いでいて君が一人彷徨う夜はどうか僕の名前を呼んでWe are just playing hide & seek yeaWe are just playing hide & seek yea君が一人彷徨う夜はどうか僕の名前を呼んでWe are just playing hide & seek yeaWe are just playing hide & seek yeaこの歌詞をマイ歌ネットに登録>このアーティストをマイ歌ネットに登録>,2023/10/25,情報なし
12,紙飛行機,鉛の指から流れるメロディー激しく染める　光の渦あかりの色が奏でるブルースやさしく泣いてる吐息に　甘えさせて…君に飛ばすよ紙飛行機針が指す 4 in the morning頭離れる Body low keyI want you　隠してる本心Long time long texts long distanceそのゆび先が Control me投げた Kiss　交す王子手を振った君は宇宙飛行士Why you wanna go and leave me lonely？思い出はいつでも呑気愛は今でも反抗期So I'm in love alone yeaまだまだ飛べない紙飛行機Oh please take off now from me苦痛に苛まれる Softly切り裂いてくナイフのようにまだまだまだまだ Murder君の名前呼ぶ Louder求めれば切なくOne more timeOne more time鉛の指から流れるメロディー激しく染める　光の渦あかりの色が奏でるブルースやさしく泣いてる吐息に　甘えさせて…浮かぶ氷を揺らす Clockwiseグラスに歪む刹那と Lock eyes心離れる Body talk wiselyハートは Blue like the ivyNo no it's not a crimeYou still want meI still want you時は幻　エゴを包み急がないで急がないで君が閉じたまぶたの裏私だけ映る隠れ家Never ever ever ever wake upCause you're my lifesaver未読を貯める癖 You hate me時間が溶ける夢 You take me深く深く海の底に宝箱を沈めてくようにまだまだまだまだ Murder君の名前呼ぶ Louder求めれば切なくOne more timeOne more time鉛の指から流れるメロディー激しく染める　光の渦あかりの色が奏でるブルースやさしく泣いてる吐息に　甘えさせて…この歌詞をマイ歌ネットに登録>このアーティストをマイ歌ネットに登録>,2018/10/10,情報なし
13,Come Again,"Come againCome againCome againCome againBaby girl you've been itchingDo you realizeDo you realizeDo you realizeKarma is aKarma is aKarma is abitch？All the tingsAll the tingsAll the tingsYou did will come back to you in due timeWhen you only deal with fakenessTrue loveTrue lovewill end your lifeDarkness bring the bitch outta meI know you find it very charming闇に咲く月にwe keep on chanting今宵の罪も許されますように無様なほどに欲しがりUnleash your lust unruly頼んでもないのにYou're making love to a savageRude boy slow wine to me重ねて罪Rude boy slow wine to me重ねて罪Come againCome againCome againCome againBaby girl you've been itchingDo you realizeDo you realizeDo you realizeKarma is aKarma is aKarma is abitch？All the tingsAll the tingsAll the tingsYou did will come back to you in due timeWhen you only deal with fakenessTrue loveTrue lovewill end your lifeこの愛は海終わりを始まりを探しても無理まるで赤子のように何も考えずに溺れるのよこの愛は唯一無二I feel your desperation rush through me壊れたことあるこんな風に舐めてあげる膿Rude boy slow wine to meRude boy slow wine slow wine to me形だけでいい辛くなったら嘘でもつけば？随分奥まで来たもんだLet me take away your painLet me grind up on that奥さんと子供はもう済んだ？Look at you pussy got you feeling like the sun huh？Rude boy slow wine to me重ねて罪Rude boy slow wine to me重ねて罪Come againCome againCome againCome againBaby girl you've been itchingDo you realizeDo you realizeDo you realizeKarma is aKarma is aKarma is abitch？All the tingsAll the tingsAll the tingsYou did will come back to you in due timeWhen you only deal with fakenessTrue loveTrue lovewill end your lifeI got 99 problems but not one fuck to giveAnd you ain't gotta save me, noそんなに何が悲しくて真面目に生きるの？I got 99 problems but not one fuck to giveYou ain't gotta save me, noI got 99 problems but not one fuck to giveYou ain't gotta save meYou ain't gotta save meこの歌詞をマイ歌ネットに登録>このアーティストをマイ歌ネットに登録>",2017/8/8,情報なし
14,Gangsta,I sayMan from the gully sideBabylon のジャッジは受けないWe will be alrightGangsta nah leave dem behindGangsta nah leave dem behind仲間は置いていかない要らない Bad mindKeep the fire nowGangsta nah leave dem behindGangsta nah leave dem behindSo much trouble in your eyes守るよ絶対Keep the fire nowGangsta nah leave dem behindAy　たまには Fuck your iPhoneねぇ Dance with me all night longEmpty bottles　あともう何本話は短く Make money go long結局また朝Them ah try　持ち帰りなんて無駄We come together なら We leave together思い上がった Pussy boy は He ah murderMan from the gully side今に掴み取る Big money sign比べモノにもならないなYENTOWN drop　するもの全てが FireTrue friendship は買えないGhost bitches とは Never　付き合わないうるさい奴の Lips get buss on sight心配はないGangsta nah leave dem behindGangsta nah leave dem behind仲間は置いていかない要らない Bad mindKeep the fire nowGangsta nah leave dem behindGangsta nah leave dem behindSo much trouble in your eyes守るよ絶対Keep the fire nowGangsta nah leave dem behindベラベラ喋んなよ We gon be pulling upToyomi が Tell you　口出しするなDon't fuck with young mamaHappy life を壊すやつは流すぜ BloodI'm repping for the young mamas儲ける For my pretty daughters遅れんなよ支払いとかさ叩き込む Good manner like a boxerWe all we got誓い交わして合す手の平秘密、お金、その涙も守るよGangsta nah leave dem behindGangsta nah leave dem behind仲間は置いていかない要らない Bad mindKeep the fire nowGangsta nah leave dem behindGangsta nah leave dem behindSo much trouble in your eyes守るよ絶対Keep the fire nowGangsta nah leave dem behindこの歌詞をマイ歌ネットに登録>このアーティストをマイ歌ネットに登録>,2020/1/11,情報なし
15,"GILA GILA feat. JP THE WAVY, YZERR","IllなLegacy違うエナジー病める民が求むこの言葉がセラピーBad BitchのPedigreeYou're not a friend to me対等に話したいなら登ってこいこのPyramid女神君臨与えるダメージバース蹴ればSpinning bird kicksまるでChung-LiHoly TrinityMoney Power Respect　全てをGetなんて思い描きGrind働く朝昼晩Next place深夜に出番悩みも焦りも全部光に変えてみせるMステ出たから何？ヒットなきゃ続きは無いヒット、ヒット、知らない人にも言われるお前は誰「姉さんならもっとイケる」あの日YZERRが言ってくれた天国から見守ってる死ぬ前のあいつも言っていた逃げられない今更随所に仕掛ける罠Gimme Gucci Pucci and dem Prada急いで来てハバハバI don't got time to play with youとよみも金がかかる耳をかっぽじって聞きな耳揃えてすぐにPay upGILA GILAGIN GIN GILAIce on ice on killaJALA JALAMillion dollarsIce on ice on killaGILA GILAGIN GIN GILAIce on ice on killaHatersお疲れ様Work hard, play harder首元ならキラキラ混ざり気ない純度100%のVVのChain足元からほらほら違いがわかるこの立ち方　靴ならレア俺達いつもヒットヒットヒットずっとLitきっとHaters達ずっと嫉妬一歩一歩ずっとRunnin　出すShitDude一緒　俺ならSicko　今日もAwichに呼ばれりゃ出ない訳ないReady SetAlexにオーダーして作ってもらってるこのDripいくら稼いでも足りないなYenやりたい事にBet Bet Bet　投資しては稼ぐから倍にしなきゃ Do my thing夜中にちょっと相談　そっちの方調子はどうAtlantaのYZERRに電話IceboxでBuss down良いね　俺も速攻で行くわ有言実行っす No cap 1000%やりたい事が言ってたらたまたま叶ったりこの3人ならたちまちバズったり欲しい物なら手に入れる片っ端馬鹿にしてた奴らは赤っ恥出始めから右肩上がりまだ気付けてないような奴ばかり音の上で俺生意気ざかり俺乗ってる波の上やれる事　制限はねぇこの口で稼ぐYen中々こうも上手くいかないと思うけどReal life稼ぐ額増やすぜ　去年の倍GILA GILAGIN GIN GILAIce on ice on killaJALA JALAMillion dollarsIce on ice on killaGILA GILAGIN GIN GILAIce on ice on killaHatersお疲れ様Work hard, play harderGhetto Townから一抜けた川崎生まれのB BoyだったらBad BoyからなるBillionaire口座に積んでる今9桁ギラギラであいつはジェラス嫌いな奴らが狙うダラダラしてたら馬鹿Magic Cityでばら撒くDollar可愛いあの子もこっち来てソファーにゆっくり腰掛けてはルイ・ロデレールの古酒シャンパン会計漢気またじゃんけん今は好きな物チョイスしてるから未来のビジネス投資してるJewelryに全てを使っちまったら寒すぎ今頃凍死してる全国　規模と上がってく精度見つめるエイムは高性能ここまできた博打と才能暗闇の中で振るサイコロ後先より全額ベッド当てれば一夜にして天国それか一人凍える監獄夢から覚め今から交渉数億円する商談Fujiwara Hiroshiの履いてるJordanお前じゃ笑えねえ俺らの冗談痛くも痒くもねえ楽勝じゃん0から手にした二つの賞賛あいつのヘイトもお金と交換時計が差してる天辺と王冠お前との間に線引くBorderTsunami Wavy　街に降らすYenまるでピカチューピカピカすぎ痺れさせるチェーンGILA GILAGIN GIN GILAIce on ice on killaJALA JALAMillion dollarsIce on ice on killaGILA GILAGIN GIN GILAIce on ice on killaHatersお疲れ様Work hard, play harderこの歌詞をマイ歌ネットに登録>このアーティストをマイ歌ネットに登録>",2021/7/30,情報なし
16,Queendom,"安売りした my body and soul鼻で笑われてた「bitch you a Hoe」死ぬほど憧れたフェンスの向こう大嫌いだった Okinawa is my home飛び交うヘリコプターここから飛び立ちたかった重くしがらむこの島のカルマ潜り抜けて開く次のchapter2006 in アトランタI was　19持つFake IDTrap Boysが料理するbig keysはかりの傍らでしたstudy真面目少女が恋したBad Boy使い方を教えられたtoysクローゼットに12ゲージShotgun私のためなら he will clap anyone刑務所を出たり入ったりそれでも愛しあった二人アクリル越しに合わせる手受話器を大きなお腹に当て聞かせる声 From Daddy待ち侘びた出所、結晶、生まれるbabyBirthdays　祝った3人のMemoriesこの幸せが続きますように水曜、ゲートウェイコート4000ブロックの、集合住宅何者かが男性を銃殺警察は周辺を封鎖容疑者は逃走中、I'm confused.It's not you. and That's not true.約束したじゃん死ぬほど愛してるなら生きてよ嘘つき最後の顔焼きつく脳裏Daddyはいるでしょ？いつものように親子で思い出を語る強くならなきゃfor the both of usいつも真っ直ぐな目で言われたんだI love Awich　俺が1番のファンだその頃の私はまだ無名諦めてたステージに立つ夢忘れかけていたビジョンマイナスから数えるミリオン読み返す幼いリリックをそのまま引き出しにしまうの？人生は引き返せない二度とチャンスは自分で掴むものもう一度書き直すシナリオゴールに向かい進む Let me goONE,　知性で稼いでくMoneyTWO,　美声に宿らせるPowerTHREE,　身体に絡みつくRespectFOR the Freedom This is my Queendom極東の女王　イタミはNo more支配するこの理想郷It's the QueendomIt's the QueendomIt's the QueendomThis is my Queendom安売りした my body and soul鼻で笑われてた「bitch you a Hoe」死ぬほど憧れたフェンスの向こう大嫌いだった Okinawa is my home飛び交うヘリコプターの如くDaddyも羽ばたいた次世代に残さないカルマ今開く栄光のchapterONE,　知性で稼いでくMoneyTWO,　美声に宿らせるPowerTHREE,　身体に絡みつくRespectFOR the Freedom This is my Queendom極東の女王　イタミはNo more支配するこの理想郷It's the QueendomIt's the QueendomIt's the QueendomThis is my QueendomONE,　知性で稼いでくMoneyTWO,　美声に宿らせるPowerTHREE,　身体に絡みつくRespectFOR the Freedom This is my Queendom極東の女王　イタミはNo more支配するこの理想郷止められない、Touched by No one荊棘を抜け、立つ武道館この歌詞をマイ歌ネットに登録>このアーティストをマイ歌ネットに登録>",2022/3/4,情報なし
17,口に出して,口に出して　溜めてた分全部口に出して　怖がらないでいい口に出して　恥ずかしがらずにほら全部飲み込むから口に出して小っちぇ！　なんでそんな怒ってる？私のギラギラにイライラしてる安い言葉に今さら騙されないし安酒じゃ溶かせないこのIcyI count papers. You count favors見返りばっか求める You a Haterそんなプレゼントなら逆に金払うから二度と出してくんなごちゃごちゃ何言ってんの？舐めてもないのに何イッてんの？口にすら出せないやつらは知らんぷりハートがあるならば見せてよ全部口に出して　溜めてた分全部口に出して　怖がらないでいい口に出して　恥ずかしがらずにほら全部飲み込むから口に出して生死をかけて愛されるのは罪？大事なのは感受性豊かな Pussyあげまんだって　噂になってる私とやればなれる Super SaiyanI'm a gangsta. Sex iconお掃除してあげる Dyson器デカい男なら You know腹ばっか立てずに立てろよChimpoその愛　このBody剥き出し Give it to meウジウジ　しないで出せないならもう私が出すわよBoy口に出して　溜めてた分全部口に出して　怖がらないでいい口に出して　恥ずかしがらずにほら全部飲み込むから口に出してこの歌詞をマイ歌ネットに登録>このアーティストをマイ歌ネットに登録>,2021/8/27,情報なし
18,口に出して 2,まるで Straight off the runwayLooking like a superstarIce cream on a sunday甘くとろける Love全部脱いで For you肌に写す模様浮かんでは消えるだから全部口に出してI love you I need you I miss you I want youI love you I need you I miss you I want youI love you I need you I miss you I want youI love… yea何度でも口に出して言ってちゃんと口に出して言ってI do anything for it　だから In my mouth　いってI know you like how it feel baby feel babyちゃんと全部出して言って For me for meYa I wanna hear youFrom the very 1st time I saw youブレーキ効かない In mindI see no limit　いらない GimmickNo shame in my game ya　欲しいのは君Oh boy　好きでしょ My brain何考えてるか当ててみてI give you head til you feel my thoughtsI give you head til you feel itいつか誰かが Told me真実は UglyBut they ain't really know me切なくなるほどにその愛おしいお口から出る HonestyOh it's so beautiful so beautifulだから全部口に出してI love you I need you I miss you I want youI love you I need you I miss you I want youI love you I need you I miss you I want youI love… yea何度でも口に出して言ってちゃんと口に出して言ってI do anything for it　だから In my mouth　いってI know you like how it feel baby feel babyちゃんと全部出して言って For me for meYa I wanna hear youFrom the very 1st time I saw youブレーキ効かない In mindI see no limit　いらない GimmickNo shame in my game ya　欲しいのは君Oh boy　好きでしょ My brain何考えてるか当ててみてI give you head til you feel my thoughtsI give you head til you feel my thoughtsI give you head til you feel my thoughtsI give you head til you feel itDo you feel it？ Do you feel it？ Do you feel it？We can do it in the darknessWe can do it in the broad dayI can get under the tableSausage with the mapleBack to back to back to back to backJus cas we ableI'm fatal baby can't say noI remind you that I'm gratefulI remind you that you areまるで Straight off the runwayLooking like a superstarIce cream on a sunday甘くとろける Love全部脱いで For you肌に写す模様浮かんでは消えるだから全部口に出してこの歌詞をマイ歌ネットに登録>このアーティストをマイ歌ネットに登録>,2023/10/25,情報なし
19,Crime ft. kZm,"No no, it's not a crimeYou still want meI still want youNobody ever come into my mindThis is still homeIt's not a crimeYou knowNo, it's not a crimeYou still want meI still want youNobody ever come into my sightThis is still homeIt's not a crimeI know you still have videos of me watching it touching yourselfBoy that's my wealthEndless fountainWhip it whip it creamRemember you used to do it with no fakery？I used to be your favorite bakeryWhip it whip it creamI set up shop right on your tongue boy I made you richThen you dove in slowly synchronized with my beatBrown eyes looking from beneath watching how I breatheForce me to recognize you're a beastYou killed me with your shit conniving and sweetIt was love quite obviouslyWhat we lost was love quite obviously時計の針を戻すとまだ聞こえる君の声何かがまた生まれて何がまた壊れるU always by my sideでも今の君は far away on that sideとっくに忘れた顔短く切った髪もいまの君がいまの俺を見たら何を思うあの日を贖罪を？それともまたkissを？切られて見えないSNSから聞こえるSOS今の彼を離れどこか別の場所へThis is not a crimeYou knowNo noThis is not a crimeNo no noFuck whomever there nowShe can't convert you backI'll be backI'll be backI will be back in your lifeYou've got to know it take timeYou've to know it takes…She can't open you like I didI had your pupil wide spreadYou said it's brightYou said it's blindingKind of like drugsKind of like dreamingShe can't open you like I didTalk about your nastiest ideas“Is it like this？”“Is it like that？”Kind of like drugsKind of like dreaming…この歌詞をマイ歌ネットに登録>このアーティストをマイ歌ネットに登録>",2017/8/8,情報なし
20,Good Bye,Please don't say goodbyeYou can't say goodbyeGuarantee nobody elseNobody else can love meわかるよ　it's not easyLoving me が make you crazyおかしいよね？But that's just how I liveDrinking and smoking the same ol'強がってるけど　you knowI just need your loveAfter the party　感じる vibesYou need my body on top of your bodyこの胸、顔埋めちやほやされてうぬぼれたエゴさえも君に抱かれるとほらね、元どおりさこんなんじゃよくないよね？Too good for meでも…Please don't say goodbyeYou can't say goodbyeGuarantee nobody elseNobody else can love me誰もが been Heartbroken怖いの　to be open今だけは何も聞かないで口紅 on your cigar脱いだ服が散らかるAnd we just make loveAfter the party　いつも二人誰もいない虚しい朝にYou hold me downYou hold me down君をもっと幸せにできる人はきっと他にいるのにWhy do you stay with me？そんなのわかってるToo good for meでも…Please don't say goodbyeYou can't say goodbyeGuarantee nobody elseNobody else can love meこの歌詞をマイ歌ネットに登録>このアーティストをマイ歌ネットに登録>,2020/8/21,情報なし
21,Guerrilla,天変地異の梵鐘洗い出す　ヒトの本性痛みと煩悩をハーモナイズして金を生み出せる根性No snitch in my family築き上げてく Dynasty毒を持つ蛇は駆除して I put it in my drink飲み干す Your jealousy笑わす You be kidding me時期に意識できる誰と You dealing with頭が高いネズミ No f**k boy no feel on me控えよ　我こそ女神の EpitomeGuerrilla GuerrillaGet it up Get it up Get it upGuerrilla GuerrillaGet it up Get it up Get it up身じろぎもせずに見つめよ尻込みはせずに掴めよGuerrilla GuerrillaGet it up Get it up Get it up嘲笑ってたやつも今じゃ隠せない額の汗Ok　揃ってる Soldiers　全部見てきた光と影Yup　この勝利に全額 BetNope　失うもんなど何もねぇよOpps shooting shots　交わして又 Lay low屈辱倍にして返すチェックメイト東西南北統一して来た In your face like BowClutch time まで　追い詰める We never stop見せてやれ　誰が頂点を RockGuerrilla GuerrillaGet it up Get it up Get it upGuerrilla GuerrillaGet it up Get it up Get it up身じろぎもせずに見つめよ尻込みはせずに掴めよGuerrilla GuerrillaGet it up Get it up Get it up新しい光が洗い出す陰り何を望むの戦いの果てに天と地を逆さにしてしまうほどにこの世には奇跡が隠されてるこの歌詞をマイ歌ネットに登録>このアーティストをマイ歌ネットに登録>,2023/10/25,情報なし
22,Call On Me,"Heyやるならやる OnlyBaby　甘えて All on meYou know you can really call on meCall on meCall on meHeyやるならやる本気Baby　甘えて All on meYou know you can really call on meCall on meCall on meOo we like dem bosses街角の HustlersRisk 背負っても変えてく Rules言わない口実Streets to the officeReal Money Talkingでもたまには弱さを見せて It's cool私なら Hold it downDope Boy Magic掛ける Big chances泣いて笑って当たって砕けてクセになる Madness危険な Romantic私なら Run thisたまには Princess　たまには RiderRespect my gangstaHeyやるならやる OnlyBaby　甘えて All on meYou know you can really call on meCall on meCall on meHeyやるならやる本気Baby　甘えて All on meYou know you can really call on meCall on meCall on meWhere dem bad boys　下げる18金近寄らないで Broke ass b*tchOh oh oh oh ohWhere dem bad boys　動かす Big keysやらない奴ら Talking shitOh oh oh oh ohMake me feel luckyMake it rain on my bodyPrivate party trust me　誰にも口は割らない何も知らないPolice man, we don't know nothing上辺だけの薄っぺらい奴らには Can not judge himWhen you pull up on the south side baby迎える In my MercedesI'm a boss b*tch too now baby見せてあげる My cityAnd we make love all nightYou can come where you likeWe can roll up, bun one, pour up, pop oneToast to the good lifeHeyやるならやる OnlyBaby　甘えて All on meYou know you can really call on meCall on meCall on meHeyやるならやる本気Baby　甘えて All on meYou know you can really call on meCall on meCall on meWhere dem bad boys　下げる18金近寄らないで Broke ass b*tchOh oh oh oh ohWhere dem bad boys　動かす Big keysやらない奴ら Talking shitOh oh oh oh ohこの歌詞をマイ歌ネットに登録>このアーティストをマイ歌ネットに登録>",2023/10/25,情報なし
23,Sign,"Table の上に100 milli yen dealSignしてあげますわこの sex appealいちいち騒ぐな y'all bitches better chillbussed down platinum　凍りつく温度がネガティブ？ポジティブ？舐めちゃってごめん like 飴細工でも吐き出す言葉はカラムーチョスパイシーでホットな、マッチョ？んーもーアメリカ人Give me the moneyBig Ys with the double linesWhere do I sign？採用！みんな社員I am the moneyBoss bitchEverybody waiting for my signA.W.I.C.H.Look at me I'm happeningわたしが AwichHello, I'm back like I never leftBack like I never left　やっぱかけがえ無いこの存在たった一つねRappers　お手上げFuck ya　建前あんたの work とか朝飯前髪は long で爪は gold話は短く　cause I gotta go言葉はストレート bazooka娘は可愛い超 rude gyalGot it from her mamaShe got it from her mamaGo get them mama諭吉と栄一　love Awichstay richBless you with the 女神の叡智A.W.I.C.H.Look at me I'm happeningわたしが AwichHello, I'm back like I never leftこの歌詞をマイ歌ネットに登録>このアーティストをマイ歌ネットに登録>",2020/8/21,情報なし
24,Shook Shook,"「まさか女が来るとは」「君臨するとは」鋭さ、図太さ、備えたブルドーザー耕す game for new order私は無限に続くメビウスの輪Man you know what小さい器で一生懸命料理してる君ごめん無いの興味「Oh god, you are very very 非合理！」言われて、尽きる女神の冥利I don't know maaan we don't know分からない、分けられない善と悪、全ては one　理解し、カッとばっす楽しいことしててもしてない楽Good luckGood luck with your life boyYou better duck when I buck from behind boy壊すルール queen's view は超広い今 bow down する方が潔いFuck is you sayin？You know my nameBetter duck when I bangWhen I come with the brrt brrtBetter duck duckYou are shook shook shook shookI go blazy with the brrt brrtBetter duck duckYou are shook shook shook shook「まさか女が来るとは」Boy I made you look huh？私が that bitch bad and ブルジョワジーI'm a G まさに I'm the keyこのサインなし、では何も進まないつまりは boss gyal　吐き出す fire気に入った坊や達なら I hire呼び名は your highness come admireいきってたアイツらはすでに tiredお疲れ様、オノマトペラッパーズいるの？いないの？あれ？目の錯覚Brainwash　バカばっかだ全くおはようございます wake the fuck upコケコッコー chicken or egg？造り物？ god or man？ロコモコ？ビーフに乗っかる目玉真似事？Have you ever seen somebody shot？Fuck is you sayin？You know my nameBetter duck when I bangWhen I come with the brrt brrtBetter duck duckYou are shook shook shook shookI go blazy with the brrt brrtBetter duck duckYou are shook shook shook shookこの歌詞をマイ歌ネットに登録>このアーティストをマイ歌ネットに登録>",2020/7/15,情報なし
25,Gentle Paranoia,When I am away in my solitudePink roses in bouquet and my dancing shoesI serve my beating heart blood rareNo left oversDon't you dare…I've been falling and falling for moonJust to find the abyss of my bluesI've been falling and falling and falling for youHurry up and bust a parachuteOhI'm so faithful to the shadow of youPosing in the plateau of fearsAnd I'm dyed in the colors you shedAh ahI'm a gentle paranoiaI'm so faithful to the shadow of youPosing in the plateau of fearsAnd I'm dyed in the colors you shedAh ahI'm a gentle paranoiaNo I can't come down on my latitudeBut don't think you are aware of your magnitudeA curse you can't get rid of if you wanted toDarkness illuminates your eyes between my thighsI cling on to the undeniable love between your liesAs your sinful tongue curves the heaven on my pearlI'm ascending over all the limited concepts of this worldI've been falling and falling for moonJust to find the abyss of my bluesI've been falling and falling and falling for youHurry up and bust a parachuteOhI'm so faithful to the shadow of youPosing in the plateau of fearsAnd I'm dyed in the colors you shedAh ahI'm a gentle paranoiaI'm so faithful to the shadow of youPosing in the plateau of fearsAnd I'm dyed in the colors you shedAh ahI'm a gentle paranoiaこの歌詞をマイ歌ネットに登録>このアーティストをマイ歌ネットに登録>,2017/8/8,情報なし
26,Jah Love ft. Yomi Jah,大事な事第一血は水よりも濃いThat's what mama told meでも泥水は血よりも濃い多分それにやられちゃったMy daddyYeah he always told meNot to sell work17.5 same color T-shirtsママの勇気で生き延びた8ヶ月Daddy came home3日後にすぐ破裂した胎包稀に見る安産Love child 5 pound 8 ounces生まれはアトランタ Soやりたいことやるのは条件反射Enfant Terrible私はスターだと教えてくれた父上“Jah”は神“Mirror”は鏡このミドルネームが唯一の形見Only Jah love blessed me through my daysOnly Jah loveSo I hafi give thanks and praise大事な事第一血は水よりも濃いJust the theory慣れないこともある最初はだからHands out your pocketsHead out your assNever focus on your pastAlways keep it moving枠にハマらず　難関もくぐり抜けてきたWe are some trooping commandos腹ん中の時から波乱万丈学校　病院に面会室家に帰れば積まれた督促状危険な目にも合わせたBut you stayed strongA smile can go milesYou taught me thatそんなやだからこそゆっときなどんなとこでも気持ちでUtopiaHe never gave me up and you gave me loveどん底からここまでYou held me upOnly Jah love blessed me through my daysOnly Jah loveSo I hafi give thanks and praiseMe and my babyRiding thru constant spreeAll eyes on weAnd we not pop no styleI said I saidMe and my babyRiding thru constant spreeAll eyes on weAnd they not know a tingLove is all we bringこの歌詞をマイ歌ネットに登録>このアーティストをマイ歌ネットに登録>,2017/8/8,情報なし
27,THE UNION,集えや集えや歌えや踊れや心一つに合わすが如く流離う心や自由ねならん雫はいつか岩をも穿つ日が昇り東の空から世が明けるQueendom　第二章の幕開け武道館に咲いた　八千の Flowers覚悟決め選んだ道は荊Everybody call me queenテレビに Magazine増えてく露出　食事は個室監視の Eyes 24　まるでポリスストリートから雲の上のオフィス増してく Pressure　高くなる Stageダメ出しの曲　やり直しの Take削がれる Energy　時間に追われる歌詞変　赤ペン　失う Myself答え探す間なくまた乗る Jetライブ　取材　すぐに撮影スタッフ100人で乗り込む現場5倍速で進む私の神話迫り来るキャリアの消費期限四方から視線　八方から意見憧れと侮蔑の堺は朧に幾重にものしかかるこの心にそれでも握る Mic目を閉じてまた Rhyme嘘のない言葉を綴った Music歌うたびに溢れてくる勇気島から何かを求め飛び立った自由の地はとても残酷だったここに来てまた壁にぶち当たったが逃げずに歌詞にしてくI'm a rapper叫んでよ Awich見えるあなたの Facesその瞳の中にもあるはず無限大の可能性イタミを知るヒカリ導いてく未来新しい時代見せてやるここに集えThe union集えや集えや歌えや踊れや心一つに合わすが如くLet's make the change together流離う心や自由ねならん雫はいつか岩をも穿つIt's time for the unionRZA に言われた「お前の物語にはある人間の叡智」Like 神の啓示 Life is crazyWu-tang から力もらう Awich憧れのレジェンド達の名前も今では並んでいる電話帳飛び火していく Passion西も東も北も南も合わせる波長起こそうよ Changes作るみんなの Places彷徨える者達の傷を癒す救いの Oasisイタミを知るヒカリ導いてく未来新しい時代見せてやるここに集えThe union集えや集えや歌えや踊れや心一つに合わすが如くLet's make the change together流離う心や自由ねならん雫はいつか岩をも穿つIt's time for the unionこの歌詞をマイ歌ネットに登録>このアーティストをマイ歌ネットに登録>,2023/10/25,情報なし
28,Sega,"Marked me at the stationTrust me I ain't saintShit, I meanI ain't trying to go against it“Good Girl”statYou know that makes it so badBadder than them bad galsSo what？What are them cash routes？Trust me with themI ain't with them bum broadsUnderstand I got long long long lasting numbersCash rules everything around usMe and you is the only thing that is notThey trying to count our dealingsTest our feelingHold hoeGet the fuck up out of our businessGot me whipping on the fast laneGot you tripping on that foreign nameDon't be surprised nowAll them hoes price downChop chop chop sticksGot rice bitch？Tax itMr. Miyagi taught me how to wax itGet up out our store if you ain't making transactionsOh so why are you mad now？It was not personal back when I had my face downRemember that？ Now my business got you hurt huh？What can I say？It 's never ever personalCash rules everything around usMe and you is the only thing that is notThey trying to count our dealingsTest our feelingHold hoeGet the fuck up out of our businessGot me whipping on the fast laneGot you tripping on that foreign nameNo motherfuckers come before youI'm from the jungle thought I told youHow you feel？ How you feel？ How you feel？ How you feeling？Give me all of them daddy cause I deserve themI put the wok on fireplace when the lights were offNow we slicing Wagyu with some truffle white sauce大層なもんですな現実なんてそんな大切か？過剰？不足？生まれる格差We have just enough fucks forOnly each other screamingCash rules everything around usMe and you is the only thing that is notThey trying to count our dealingsTest our feelingHold hoeGet the fuck up out of our businessCash rules everything around usMe and you is the only thing that is notThey trying to count our dealingsTest our feelingHold hoeGet the fuck up out of our businessこの歌詞をマイ歌ネットに登録>このアーティストをマイ歌ネットに登録>",2017/8/8,情報なし
29,洗脳 ft. DOGMA & 鎮座DOPENESS,下界に忍ぶ三体の菩薩がNeo babylonia の街を歩く丸く背を曲げ足取り深く毒を持つ蛇を好む孔雀Street democracyPussy Power Politicsスキャンダル種まき分割統治指をさし合う愚かな凡人Stigma　中心勢力解体Not nice not nice not a ting nice誓約書サインするボールペンナイフビートを殺め金を生む MidwifeNot nice not a motherfucking ting niceいけないいけないあの子の末路イかないイかない不感のマグロ失望　借金　よく効くお薬Don't open yo fuckin mouth運命という名の情報戦とは知らずに受け取る処方箋セックス　スポーツ　スクリーン目が眩む愚民　操るルーティーンしっかり咥えたルアーの針ゴクリ飲み込み　後頭部を圧迫失脚Now what you wanna do？バカばっかだ全くもう　飽きたんだよ　味のしないガム派手なビジュアルに客は並んでる引っ張って押した　一般の世間体目に見えねーヒモが見えるぜ究極　面白けりゃいい感情移入で洗脳するゲームサテンシャツ着たペテン師は踊るマウンティングとるマーケティングビジネスバズれスキャンダルアタりゃ札束が頭ひっぱたく良いか悪い　毒も使い方殺しも数やりゃ独裁者と化すだれかの不幸に群がる癖てめぇの自慢がつまみの酒未曾有の恐怖に操られてまで欲しがる情報源は半透明この命で弄ばれちゃ菩薩に輸血で死ぬか大怪我ブルーシートの奥にいるガキの死に様なんざ誰の趣味のメディア欲は底なしもう勘ぐるな踊れ日本のメイドインアメリカ形変えてく快楽　快感の連続バカばっかだ全くバカばっかだ全くカミに数字が書かれてるそのカミをみんなで信じてる御多分にもれずこの僕もカミの力の元おくっている日常アスファルトよろしく敷き詰められたルールや普通という言葉思考回路に巧みに絡みつき根をはられたが運の尽きそれは想像力に影響して我々の行動パターンさえも設定プログラミング教育ウィーアーザロボットまさしく　クラフトワーク出来の違いで仕分ける　ベルトコンベアー揺り籠から墓場　そびえ立つ三角　立場　力　競争勝敗　商売　になっちゃってる　戦争あっちとこっち　どっちもどっちにっちもさっちも　行かなくなりゃどかーんと一発　ぶち込む　核爆弾人類皆運命共同体今地球は泣いています！ナイトメア！不安材料は絶えない　是非この機会契約書に判子と指定の口座にお振り込みしていただければと！毎度！バカばっかだ全くこの歌詞をマイ歌ネットに登録>このアーティストをマイ歌ネットに登録>,2020/1/11,情報なし
30,So What,So fucking whatWho's that bitch帰国子女？アメ女でしょ？and？で？で？で？で？So fucking what？Who's that bitch？Lilo & Stitchポカホンタス？and？で？で？で？で？Fuck all y'all hoes　いやなら Go homeNow suck my toes and the game owe me！そんなに好きなの？困っちゃーうでもあいにく今日はあの日なのThen I skrrr off the street now you cant reach me増えた妬み　増えた稼ぎInto hate and the hate into songs and the songs intomoney and the money into hate againSo fuckin whatwe don't give a fuckwhat a big dealWowooWowooSo fuckin whatwe don't give a fucklet me hear you screamWowooWowooSo fucking what？評論家ビートはいいけどラップがダサいand？で？で？で？で？So fucking what？評論家曲はいいけどビデオがダサいand？で？で？で？で？Y'all bitches still broke　まだまだ So brokeカッコいーそのコメントシビれちゃうBaby boy　比べるの自体論外You can't talk to me bitch　金輪際Y'all stay catching feelings I stay catching licks女だから何？ You can suck my dickYou know hater will be hatersand they only fuck with hatersand get married with some hatersand they kids will be haters！ughSo fuckin whatwe don't give a fuckwhat a big dealWowooWowooSo fuckin whatwe don't give a fucklet me hear you screamWowooWowooこの歌詞をマイ歌ネットに登録>このアーティストをマイ歌ネットに登録>,2018/10/10,情報なし
31,Chong ft. Ritto,Chong Chongバケモンだ言うこと聞かないMad monsters Chong ChongあそぶんだじゃまするふりむんThat's a man downYellow cakeBrown sugar くるざーたIf I get my lock on that's a man down やの思惑なんてしに簡単そろばんでパチミかし、解く暗算こそこそとんがんなほしいものがあんなら直談判中身がないなら飾んな外観速攻撃ち落とすその看板おともだち？うわべの歓談イライラしてくるのよだんだん酒に濡れて力がでない？それなら顔変えなあんぱんまんChong Chongバケモンだ言うこと聞かないMad monsters Chong ChongあそぶんだじゃまするふりむんThat's a man down深夜3時目くらむ闇スージーマジムンしがられやっけー越えてく現象たちまち炎上killerヌーがワンもウチナー生き返る炎のローソク響合えばもうすぐ時は来たる無駄に過ごして泣きじゃくる静けさと共にお前の首切るまわすな邪気お前は誰で俺は俺だ散々な出来事ココロバラバラ不気味な手招き無邪気なひととき山に帰れば秘密の儀式気をゆるせば敢えて地縛死張り詰めた空気に赤い血の息吹マース撒いても効かないChong Chongバケモンだ言うこと聞かないMad monsters Chong ChongあそぶんだじゃまするふりむんThat's a man down(ちょんちょんちょんちょんちょんちょんちょんちょんきじむなーがちょーんちょん)この歌詞をマイ歌ネットに登録>このアーティストをマイ歌ネットに登録>,2017/8/8,情報なし
32,TSUBASA feat. Yomi Jah,サヨナラがまた僕らを海をこえ迎えに来る許される限り遊ぼう大空を飛び交う影に僕らの夢乗せてみるんだImagine breaking through the sky into our futureAs we chase the rainbow苦しみはlet it go負けないように大声で歌うけど引き裂く音が遮る言葉かき消されたありがとうだから笑顔で手を振ってあの窓から見るこの島はいったいどんな色？自由に飛んでみたいんだ、青く広がる空を失くしたものとか会いたい人とかさぁ、見つけに行こう僕らも翼広げて大きな影たち飛び回る空に憧れあの雲が動けば we just know that it's gonna rainタソガレにキラキラと光り落ちる dripsこの島からの気まぐれで美しい giftフェンスごしに違う国に囲まれた運動場毎朝、聞こえる君が代とstar spangledKick push　感じる、普天間の丘に吹く風No matter what you are　みんな同じ人間なんだね毎日歩いて、笑って、泣いて、また笑って好きなものが変わって、嫌いなものも変わってWhat did you say？　君の言葉かき消したAirplaneなんでもないよって、またすぐ会えるからって恐れるものは何もないはず僕らだけの場所でまた会おうだから笑顔で手を振ってあの窓から見るこの島はいったいどんな色？自由に飛んでみたいんだ、青く広がる空を失くしたものとか会いたい人とかさぁ見つけに行こう僕らも翼広げてきまぐれな空には今日も虹がかかるやーの笑い声でここが麓だってわかる両手広げ空を仰ぐtake a flight like dem choppasやると決めたらやるだけさ you know that nothing can stop us生まれたこの街は今も love & pain　渦巻く光と影と雨と風をchamploo　かき混ぜるこの美しさをいつかあなたにも見せたいこだまするbeatsどんな爆音にも負けないこの歌詞をマイ歌ネットに登録>このアーティストをマイ歌ネットに登録>,2022/5/15,情報なし
33,DEIGO ft. OZworld,(Islands of mystical power月桃 FlowersBeaches and junglesSolders in bundlesRed-eye sheesaaJedi gatekeeperPain we don't run fromThat's where the fuck we come fromAct familiaCrown made of bougainvilleaWelcome to Okinawa)いつか逃れ逃れたどり着くから荒れ狂う風に身を任せて Flyデイゴの真っ赤な花が咲いたらI'll be backI'll be backI'll be back今は遥か遠く記憶の彼方降りしきる雨にも負けずまた Tryデイゴの真っ赤な花が咲いたらI'll be backI'll be backI'll be back全部洗って流せればいいのに叫んでも声にならない声はいつか音になりパイカジが教える世界を変えようなら俺が変わろう島の魂　今己に宿そう鏡の中の誰？自分が自分でい続ける為神は我を取り除けば目の前今が創り出す今を生きる答えねえ　夢はどうして夢のまま終わるのに世界は続くの歴史は Rhyme する繰り返し形を変えては引き上げる Ascension俺も G.O.A.T　紙食ったヒージャーあきこしーじゃ　有難うみんな血が同じ他人じゃなく Familyイチャリバチョーデー Freedom　とまんねぇ人生待ったないしフリーダム気づいたやつから Movingこんな狂った世界も I'll be backいつか逃れ逃れたどり着くから荒れ狂う風に身を任せて Flyデイゴの真っ赤な花が咲いたらI'll be backI'll be backI'll be back今は遥か遠く記憶の彼方降りしきる雨にも負けずまた Tryデイゴの真っ赤な花が咲いたらI'll be backI'll be backI'll be backニライカナイは海の向こう仮面なんか島に置いて行こうI loved I lost泣いてまた I learn I know全部脱ぎ捨てられたらいいのに一緒に見上げたオリオン顔面すれすれ泳ぐ F15柔らかそうなお腹　連れて行かれそう僕らプレコ　ごみを食べて育った深い傷を背負った歴史の痛みをどれだけ You tried to let me knowI said let it go　わかるからこそ飛立つ　いつか戻るから Hold onYaw I'm G.O.A.T.　紙食ったヤギバグった女神こんな私を許せない君But I know you still fuck with meMy island　付き合えよくだらない不安も　いつか下る天罰にも愛しい島よ Oh please let me know愛しい島よ Oh please let me knowこの声今も届いてんの？いつか逃れ逃れたどり着くから荒れ狂う風に身を任せて Flyデイゴの真っ赤な花が咲いたらI'll be backI'll be backI'll be back今は遥か遠く記憶の彼方降りしきる雨にも負けずまた Tryデイゴの真っ赤な花が咲いたらI'll be backI'll be backI'll be backこの歌詞をマイ歌ネットに登録>このアーティストをマイ歌ネットに登録>,2020/1/11,情報なし
34,Detox ft. Tabu Zombie,"Accelerate the change in electromagnetic planeThe wisdom swift and changeable;A divine ever-loving moleculeWeather the seaNurture the needsWater the seedsAscend the beingsHail me as the sun's passion born thunderstormIce precipitated heavier than gravitatedHail me as the mother to my all civilized ether as Mary was to JesusOffer your loveYou don't have to be so goodYou don't have to be so strongYou can be weakYou can show me your flawsPut your head on my abdomenDon't have to call this anythingI just know you need meRemember what you missingI wouldn't runSo let your tears runI'll cry with you till detox is doneI wouldn't runLet your tears runI'll cry with you till detox is doneWhat makes rain, hail, snow, and earthquakes？Why contain poison in until you break？Let the heat of the sun draw up your feverAnd ground your feet into the earth because you need herEther vibrating chakra stimulatedJitter and pain not to be evadedKundalini elevatedMeditating frequency changingAlpha into Gamma wave lengthHeart pacingMind spacingImages racingGingers, honey, sage andBlue solar oasis8888 angelsCalling us into the 5th dimensionOffer your loveYou don't have to be so goodYou don't have to be so strongYou can be weakYou can show me your flawsPut your head on my abdomenDon't have to call this anythingI just know you need meRemember what you missingI wouldn't runSo let your tears runI'll cry with you till detox is doneI wouldn't runLet your tears runI'll cry with you till detox is doneこの歌詞をマイ歌ネットに登録>このアーティストをマイ歌ネットに登録>",2017/8/8,情報なし
35,どれにしようかな,"あれも欲しい、これも欲しいもっと欲しい、選びきれないGucci, Louis Vアルマン, HennessyRose gold 2 toneRollieとかAPツアー、テレビ、映画、主題歌取材班、密着される Home islandBoys in my DMLove Callがひしめく何を着ようかなNa na誰と寝ようかなNana na na女の子でもいいな nanaだって私のQueendom da domひよってんじゃねーぞ bad gyalzあなたの未来は誰が決めるの？見た目で Don't Judge me覆す常識女は女らしくとかうるせぇんだよ Shut the fuck upどれにしようかなNana na nana naどれにしようかなNana na nana naBaby I don't give a fuck1 2 3 4 5数えきれないくらいやな事だらけでも御褒美ならmany moreどれにしようかなNana na nana naどれにしようかなNana na nana na狙い撃ちするShots1 2 3 4 5数えてNo more cry悩めるほど Good Life手に入れろ全部 What you likeYeah yeah yeah yeahWow wow wow wowやりたいことだけやればいい全部楽しめなきゃ意味ないアンミカみたく Let's have a partyYay yay yay ya世界目指しちゃうちゃんみなSystem変えるKiko MizuharaRespect toAll the girls覆す常識「可愛い」だけが正義とか、うるせぇんだよ Shut the fuck upどれにしようかなNana na nana naどれにしようかなNana na nana naBaby I don't give a fuck1 2 3 4 5数えきれないくらいいやな事だらけでも御褒美ならmany moreどれにしようかなNana na nana naどれにしようかなNana na nana na狙い撃ちするShots1 2 3 4 5数えてNo more cry悩めるほど Good Life手に入れろ全部 What you likeこの歌詞をマイ歌ネットに登録>このアーティストをマイ歌ネットに登録>",2022/3/4,情報なし
36,NEBUTA ft. kZm,Wax on wax offMask on mask offHeavy karma 12 foldsWear the bitch like kimonoOhh ohh ice coldAnd we fishing for the goldIt's a cult ×2Run them up and run them offRun it ×2Run em up and run em offRun it ×2Run em up and run em offWe do what the fuck we wantAll ya bitches go homeYENTOWN　降り注ぐ神のご加護YENTOWN ya we do the mostPull up and pull out and ghostBroke hoes ya you gotta goIts over for you fuck your hopesCotton candy in her noseYour man hiding in my robes“Maiko” her face is so white“Taiko” he beat it so rightWe do not support your op ass bitches noYall's a whole bunch of sub ass snitches yaI'm the top chef cooking in the kitchenIf you can't take the heatthen get the fuck up out this bitchWax on wax offMask on mask offHeavy karma 12 foldsWear the bitch like kimonoOhh ohh ice coldAnd we fishing for the goldIt's a cult ×2Run them up and run them offRun it ×2Run em up and run em offRun it ×2Run em up and run em offWe do what the fuck we wantAll ya bitches go homeYENTOWN　降り注ぐ神のご加護Light me upLight me upYENTOWN はすごいの？金を稼ぐの？家はどこなの？誰としたいの？ただのはぐれもんおまえの話はNo行ける場所ももう限られてきたZoneっせーんだよブスI gonna beat you up超Litな仲間たちと勝手に Cookin dopeもってんなら曲げろFucked up　道空けろ超Litな仲間たちと勝手に Cookin dopeWax on wax offMask on mask offHeavy karma 12 foldsWear the bitch like kimonoOhh ohh ice coldAnd we fishing for the goldIt's a cult ×2Run them up and run them offRun it ×2Run em up and run em offRun it ×2Run em up and run em offWe do what the fuck we wantAll ya bitches go homeYENTOWN　降り注ぐ神のご加護Light me upLight me upFlying highFlying highWhy the fuck you soberMoney long like“soba”Light me upLight me upぶち上がLitこの歌詞をマイ歌ネットに登録>このアーティストをマイ歌ネットに登録>,2018/10/10,情報なし
37,NEBUTA ft. kZm (AL ver.),Wax on wax offMask on mask offHeavy karma 12 foldsWear the bitch like kimonoOhh ohh ice coldAnd we fishing for the goldIt's a cult ×2Run them up and run them offRun it ×2Run em up and run em offRun it ×2Run em up and run em offWe do what the fuck we wantAll ya bitches go homeYENTOWN　降り注ぐ神のご加護YENTOWN ya we do the mostPull up and pull out and ghostBroke hoes ya you gotta goIt's over for you fuck your hopesCotton candy in her noseYour man hiding in my robes“Maiko” her face is so white“Taiko” he beat it so rightWe do not support your op ass bitches noYall's a whole bunch of sub ass snitches yaI'm the top chef cooking in the kitchenIf you can't take the heatThen get the fuck up out this bitch「YENTOWN はすごいの？」「金を稼ぐの？」「家はどこなの？」「誰としたいの？」ただのはぐれもんおまえの話は No行ける場所ももう限られてきたっせーんだよブスI gonna beat you upチョー Lit な仲間たちと勝手に Cockin dopeもってんなら曲げろ Fucked up　道空けろチョー Lit な仲間たちと勝手に Cockin dopeWax on wax offMask on mask offHeavy karma 12 foldsWear the bitch like kimonoOhh ohh ice coldAnd we fishing for the goldIt's a cult ×2Run them up and run them offRun it ×2Run em up and run em offRun it ×2Run em up and run em offWe do what the fuck we wantAll ya bitches go homeYENTOWN　降り注ぐ神のご加護Light me upLight me upFlying highFlying highWhy the fuck you soberMoney long like sobaLight me upLight me upぶち上が Litこの歌詞をマイ歌ネットに登録>このアーティストをマイ歌ネットに登録>,2020/1/11,情報なし
38,Happy X-mas (War Is Over),"So this is Xmas and what have you done？Another year over and a new one just begunAnd so this is Xmas, I hope you have funThe near and the dear ones, the old and the youngA very Merry Xmas and a happy new yearLet's hope it's a good one, without any fearAnd so this is Xmas (War is over)For weak and for strong (If you want it)For rich and the poor ones (War is over)The road is so long (Now)And so happy Xmas (War is over)For black and for white (If you want it)For yellow and red ones (War is over)Let's stop all the fight (Now)A very Merry Xmas and a happy new yearLet's hope it's a good one, without any fearAnd so this is Xmas (War is over)And what have we done？ (If you want it)Another year over (War is over)A a new one just begun (Now)And so happy Xmas (War is over)We hope you have fun (If you want it)The near and the dear one (War is over)The old and the young (Now)A very merry Xmas and a happy new yearLet's hope it's a good one, without any fearWar is overIf you want itWar is over nowこの歌詞をマイ歌ネットに登録>このアーティストをマイ歌ネットに登録>",2020/11/27,情報なし
39,Heartbreak Erotica,"Heartbreak, Heartbreak, HeartbreakHeartbreak EroticaHeartbreak, Heartbreak, HeartbreakHeartbreak Eroticaまたやっちゃったみたいまたさせちゃってる期待運命の出会いなんて思っちゃってるその目に映ってる未来あなたと私の未来しちゃってる勘違いそれも無理はない髪は長く、目は鋭く胸もケツも丸く女王の如く歩く見たら忘れない唇厚く、声は深く常に吐く哲学君の悩み解決Now you call me your　女神Sorry I broke ya heartそんなつもりないでも言ったじゃん最初からI'm a Heartbreak Erotica(break ya heart in pieces boyyy)Heartbreak, Heartbreak, HeartbreakHeartbreak EroticaHeartbreak, Heartbreak, HeartbreakHeartbreak Erotica何が問題なのただ笑ってHelloしただけそこらじゅうささっちゃうCupid's Arrowsなのに　ジェラシー達に言われる　ヤリマン、ブラパン　ヤー名前だしてみなよ誰がfuck me？run it up run it up run it up huuuuh？ok simmy simmy yaok bitch give me dub女神の恵をたらふく喰らったking in my bed悪いけど君の事少しも... (nope！)Sorry I broke ya heartそんなつもりないでも言ったじゃん最初からI'm a Heartbreak Erotica(break ya heart in pieces boyyy)Heartbreak, Heartbreak, HeartbreakHeartbreak EroticaHeartbreak, Heartbreak, HeartbreakHeartbreak Eroticaこの歌詞をマイ歌ネットに登録>このアーティストをマイ歌ネットに登録>",2022/3/4,情報なし
40,Bad Bad,Oh tell me why君に出会う前でも笑えてたはずなのに　cannot without youこんなに寝ても覚めてもDreaming of youかき乱すほどに　cannot without youCause you are bad badYea I want it bad badTell ya girl to back backThey don't want a bad gyalOh nooo not II never gonna leave youLonely lonely lonely lonelyYou are bad badYea I want it bad badNah ya girl nah want that 098 gyalOh nooo not II never gonna leave youLonely lonely lonely lonely熟してく夜また深くこの体と体が花咲くParadise見つめる視線知らんふりもできない　cause I really wanna give you my love罪を誘う熱帯夜ここから連れ出して私の名前をその声でCall me call me call me call meOh tell me why風に唄う孤独と踊れてたはずなのに　cannot without you夜空に星を翳す影　Searching for youさらけ出すほどに　cannot without youCause you are bad badYea I want it bad badTell ya girl to back backThey don't want a bad gyalOh nooo not II never gonna leave youLonely lonely lonely lonelyYou are bad badYea I want it bad badNah ya girl nah want that 098 gyalOh nooo not II never gonna leave youLonely lonely lonely lonelyこの世界の終わりも together君となら怖くは無いからYou can trust me酸いも甘いも見たわLet me be your girl and give you all of my loveあの子にはできないわBad man need a bad gyal溢れ出す愛を全部 put itOn me on me on me on meOh tell me why君に出会う前でも笑えてたはずなのに cannot without youこんなに寝ても覚めてもDreaming of youかき乱すほどに cannot without youCause you are bad badYea I want it bad badTell ya girl to back backThey don't want a bad gyalOh nooo not II never gonna leave youLonely lonely lonely lonelyYou are bad badYea I want it bad badNah ya girl nah want that 098 gyalOh nooo not II never gonna leave youLonely lonely lonely lonelyYou are bad badYea I want it bad badTell ya girl to back backThey don't want a bad gyalOh nooo not II never gonna leave youLonely lonely lonely lonelyYou are bad badYea I want it bad badNah ya girl nah want that 098 gyalOh nooo not II never gonna leave youLonely lonely lonely lonelyこの歌詞をマイ歌ネットに登録>このアーティストをマイ歌ネットに登録>,2020/8/21,情報なし
41,Burn Down feat. GADORO,憧れと引き換えに心一つまだ Burn downもがけば絡みついて命一つまた Burn down憧れと引き換えに心一つまだ Burn downもがけば絡みついて命一つまた Burn down毒蜘蛛のウェブの中堕ちる心の儚さ画面の向こう輝く大海原手を伸ばし触れる夢は泡沫徐々に増えるいいねが嬉しくて寝ても覚めても Scroll down　コメ欄見つめインフルエンスできる快感　ハマる毎晩少しだけなら数字も改竄「人に喜んでもらえるならいいんだ」自分の投稿と皆の笑顔の因果信じて今日も Lights camera action部屋の隅貪る Reactionふと目に止まる Hate comments光と闇の交差点気になれば止まらない悪い妄想社会 vs 1の対立構造危うい言動から負のスパイラル有る事無い事　祭りが始まるネットニュース　まとめサイトその名前餌にがっぽり稼ぐアフィリエイトDamn　容赦ないキーボードの暴力抑圧された Soul 達の総力道徳と表現と広告と暴言の火花に今日も誰かが漏電(Burn down)憧れと引き換えに心一つまだ Burn downもがけば絡みついて命一つまた Burn down憧れと引き換えに心一つまだ Burn downもがけば絡みついて命一つまた Burn down携帯という名の拳銃　皆が所持してる標的が離れてても手軽に脳に命中表情の無い　乾いた声でこう言う「涙の数だけ強くなれるなんて嘘だ」ビルの屋上　風に飛ばされてしまわぬようゆっくり脱いだスニーカーに挟む置き手紙悔いを残し遂行　ツイートでの追悼 RIP　僅か3文字で悔やむ人種は莫大に他人を押さえつけてる限り自分もそこを動けないんだもぎ取れた羽でまた一人と羽ばたいた逃げた訳じゃねえ　逃げれなかった思い出をくれた人が思い出になった無口だったはずのアイツもウェブの中じゃ常に出来る自己主張名前を伏せて　振りかざす　正義という名の誹謗中傷分かち合うことも忘れ騙しあう　力入らず幅効かす正に邪悪なサファリパークパスが増えるたびに減る記憶　助言さえも信用せず中指でスワイプ笑えれずに笑ってる　讃えれずに叩いてく溜めたものも口に出せず画面に飛び散るそこはまるで胃カメラじゃ見えぬほどの腹黒さの巣窟人間こそ何よりも共食いする動物今日　脅し　脅され　今日　殺し　殺され今日　人はそんな日々を平和と呼ぶんだね夢を追いかけて繋がっていくOh誰だってみんな完璧じゃない色んな人と認め合うため手と手をとってどうか忘れないでDon't let it break your soulDon't let it take your soulDon't let it break your soulこの歌詞をマイ歌ネットに登録>このアーティストをマイ歌ネットに登録>,2023/10/25,情報なし
42,Patrona,"(Victorious warriors win first and then go to warDefeated warriors go to war first and then seek to winPatience when it seems as nothing is gainedIt might not show for the first few years just like the bambooAll warfare is based on deceptionYou must “stand under”Let your plans be dark as night and your moves fatal like thunder)Bow down call me patorona天国から見守る Don DadaI got bloody boys on my corners仇を取るため　I go locaNo touch la familiaFlash backされる scenario　ボスの good wife というプライド19で知ったダークサイド24で死んだ純なハート欲は底なし　turn a man into a savage　窓に人影。。。Bong Bong　砕け散る windowしゃがみ込み息を殺す、体駆ける緊張見上げれば撃ち抜かれた、あの人の心臓約束した　don't leave me a young widow(King is dead)Man fuck peace　呼び出せ　all them shottas身の捩れるほどの怒りに決意する slaughter覚醒する beastMan you really didn't want that憎しみに歪む心に誓って　that's a man downLove or fear　果てない戦いSun Tzu, Machiavelli22　タマ取りBamboo Stick up弾雨　Blick upタマ取り　now I see ya runningTrackstar, prankster you funnySorry we can't take jokesBow down call me patorona天国から見守る Don DadaI got bloody boys on my corners仇を取るため　I go locaNo touch la familia根掘り葉掘り　you're a モグリ federale federale命掛けて masterpiece　お絵かき、お絵かき電話一本、連帯行動Word life Word bond　正々堂々命は短く夜は長く「仇こそ敵なり」それも分かる心苦しいけど　引き返せぬ(借りは返すよ)Now I got your bitch in my trunk救いたいなら今がチャンス踊らす命乞いのダンスThen I hunt you down with my drunken monks祈りなさい　to the GottiSun tzu Machiavelli22　タマ取りBamboo Stick up弾雨　Blick up(What do you want？What do you really want？Hatred is gained by evil or even by good worksTo know your enemy, you must become your enemyThe greatest victory is that which requires no fightLove？ or Fear？What are you fighting for？What does it mean to win？Why are you alive？What is this life？)この歌詞をマイ歌ネットに登録>このアーティストをマイ歌ネットに登録>",2020/8/21,情報なし
43,Views,We from the islandMost of the boys are too violentSometime we can get too loyal andFoolish cause we were misguidedWe from the islandThese gals would play you like violinsSome places you not invitedBetter put on some more mileageWe from the islandThat should explain the way I actGrownups stay talking shit about the people not from hereand don't speak our dialectThey taught us not to trust themPoliticians are unjust themSomehow we foster the hearts in us that never run awayfrom what is hurting usWe from the islandMost of the boys are too violentSometime we can get too loyal andFoolish cause we were misguidedWe from the islandThese gals would play you like violinsSome places you not invitedBetter put on some more mileageIt's my island I can park it where I wannaMy boys can get very loud like that marijuanaDon't believe me just watchSand into dollarTake dirty shoes off boy watch ya mannerBend that 88 million yen bagSpend that turn around and find a plug and friend thatFind a good rod that can flexThen we fence thatHence that long live the tribeYea we splendidDon't get caught up in the waveThere will not be no escape yawDon't get caught up in the waveThere will not be no escape yawDon't get caught up in the waveThere will not be no escape yawDon't get caught up in the waveThere will not be no escape yawWe from the islandMost of the boys are too violentSometime we can get too loyal andFoolish cause we were misguidedWe from the islandThese gals would play you like violinsSome places you not invitedBetter put on some more mileageWater water waterIt can give you life and give deathYou can fuck around and loose your breathsDon't you know don't you know don't you know yet？We give you so much but you do is takeAll these beautyAll these fruitsAll these spiritsAll these talentsWait a minuteYou taking too muchYou taking too muchTill we have no moreTill we have no moreこの歌詞をマイ歌ネットに登録>このアーティストをマイ歌ネットに登録>,2017/8/8,情報なし
44,Pin,"Hey, I really wanna see your faceJust say the word I'm on my wayJust drop me a pinI think I'm all ready to do me a sinIts' one of these nightsThe sake got me flexingThat's why I dialed you number instead of textingYou seem surprisedTrust me so am ICouldn't hold it insideSo, I hope it's not too lateI really wanna see your faceYes yes, I'm a bit too fadedSo you need to move along with my paceLet me tell right now just in caseYou're wondering what's the topic, there isn'tMy feeling has gotten to a place beyond reasonsYour rhythm got my Kegel muscle squeezed inDamn I'm coming through boy quit teasingHey, I really wanna see your faceJust say the word I'm on my wayJust drop me a pinI think I'm all ready to do me a sinDamnAy girl why are you doing this？My heart ponded to see I missed your call at this late at the nightIt said a minute ago, I called right backThen I'm listening to you talk all that smackHalf of me wanna be real loudBut the other said ”nigga just keep calm”Killing me with your burned voiceYou sound without your regular poiseYou stroking out my sentimentTo see you out your elementsIt's working on me, ladyIt's fun play this game ain't it？Shit - pride, pride, pride, pride…I said ”you drunk man call the ubesYou shouldn't make no drastic moves that you'll regretI respect you more than anyone everYou competent you passionateI love the works we give together”Oh so you still pressing me？I'm running out of my good guy address in meMy cold bed, your steamy honesty - bad recipes2am, your face, hair, body - bad recipesIs she playing me？ I can play her backThen again, why would I wanna waste my time with that？If it's bad then it's badIf it's good then it's real badNow tell me do you wanna ruin what we now have？-- Please say yesYou don't have to be so goodYou don't have to be so strongYou can be weakYou can show me your flawsPut your head on my abdomenDon't have to call this anythingI just know you need meRemember what you're missingI wouldn't runSo let your tears runI'll cry with you till detox is doneI wouldn't runLet your tears runI'll cry with you till detox is doneこの歌詞をマイ歌ネットに登録>このアーティストをマイ歌ネットに登録>",2017/8/8,情報なし
45,First Light,"Nuff blessing in your eyes涙にも感謝してIt's time for smileIt's alright, childIt's gonna be alright, child許すことも覚えたアスファルトに転がった3つの弾と涙誰か攻め続けても He won't be backどんな夜も明けるからFirst light　見つけに ForwardWalk good, my brotherAnd please remember無駄じゃない全てが Study成長に Always　イタミあり人は強くて弱いものWe all make mistakesForgive youI forgive youI forgive you I forgive you失ったものは多いけど残された愛をI'll give you I'll give youI'll give you I'll give you与えるほどに増えていくものだからDon't be afraidSomebody said thatThe only answer is loveOnly love only love will save usFriends we have and friends we lostDon't you worry don't you worry we'll be alrightFirst lightSee the first lightTogetherStay together愛は我慢強く、強く、永く永遠に続く気付くけれどいつも違う部屋で目を覚ます間に合わせの気持ちで紛らわせるの Loneliness儚く最後何が何かわからないままただ泣く一人でLove nah hurt youNo no no love nah hurt you傷つけるのは愛じゃないIt's the lie　偽り、憎しみ、裏切り、怒り、妬み、Regret愛されてないことへの恐れThe only answer is loveOnly love only love will save usFriends we have and friends we lostDon't you worry don't you worry we'll be alrightFirst lightSee the first lightTogetherStay togetherこの歌詞をマイ歌ネットに登録>このアーティストをマイ歌ネットに登録>",2020/1/11,情報なし
46,Fade Away,"Have you heard？The heart inside my rib cageBlue birdAs if she was banished from the skyTrapped inside my bodyHow can someone love me？How can someone…？Then came a boyHe brought with him a dreamWe shared a piece of fudge round and a good amount of painThen he said…“My soul is for you to keep”“Even when I leave”“Even when I…”Then,He took the bullets for meAnd said“Let the madness go…”There is a bright light callingSo let us be free from shapesFade away away away nowFree from shapesFade away away away nowFree from shapes辺り一面のHeartacheBlue dust2次元の雨不意に指掛けた RugerSo I can see you soonerSo I can see you…A strong drink食べのこした Courage欲しいと肩寄せた第13の使徒And he said“Baby dance with me”“I can make you feel”“I can make you… Feel”体の線を指でなぞって重なり合わせSo let us beFree from shapesFade away away away nowFree from shapesFade away away away nowFree from shapesFade away away away nowFree from shapesFade away away away nowFree from shapesこの歌詞をマイ歌ネットに登録>このアーティストをマイ歌ネットに登録>",2018/10/10,情報なし
47,Follow me,街はあの日からずっと息を沈めたまま未だ怯えてるあなたと行くはずだったthat spotもshut downでリズムが途切れるDreaming of dancing with you汗ばむcornerでsteaming with you怖くない with you躊躇わないで愛はtruth描き直すrules昨日まで信じたこと忘れて今全て捨ててもいい流れるwindの如く踊る元に戻る模様落とす月が登る孤独の奥ではみんな繋がってるRemember I tell youI'm with youどこにいても不安もイタミも今すぐ抜け出して遠い遠い遠い碧い夜、月の海Follow meFollow meFollow me軌跡たどってFollow meYea Yea Yea Yea Yea Yea Yea遠い遠い遠い天と地を繋ぐ杜Follow meFollow meFollow meあなたにも見せたいYea Yea Yea Yea Yea Yea Yeaその愛がget get me higherChimu don don de pump pump it upまたどんどんとI fall in loveHot hot hot damn I didn't. Did I？ななななんくるなーいさRoll up and po up and Love me upGet your body and your soul so higherHa ha ha ha iya sasa風の結人達が歌う愛の結歌に波が踊る雲が流れて月が満ちるあなたに心寄せる太陽にgive thanks恵のrainy days闇の中なら let's make sweet loveI miss youもう待てない暗い街を二人で抜け出して遠い遠い遠い碧い夜、月の海Follow meFollow meFollow me軌跡たどってFollow meYea Yea Yea Yea Yea Yea Yea遠い遠い遠い天と地を繋ぐ杜Follow meFollow meFollow meあなたにも見せたいYea Yea Yea Yea Yea Yea Yeaこの歌詞をマイ歌ネットに登録>このアーティストをマイ歌ネットに登録>,2022/3/4,情報なし
48,44 Bars,"今日も遅くなるから、ドアのガードだけは開けてて食べ終わりの食器とかはせめて水を掛けてて長い間一人で待たせたままでごめんね「大丈夫」っていうお前の声が震えてる大きくなったけどまだ小さな手親子の絆なんてちゃっちい言葉で説明できるもんじゃない言うならば共犯者産まれた時から since 2008こいつに綺麗事は通用しないから子育てのことでは誰も私に口出しなんてすんな一緒に地獄も、天国も見てきた上辺だけの話はしないいつも heart to heartAwichをディスる奴がいたらまず鳴響美が、許さない　あいつは、Ride or dieだからもう遠慮なんてマジでしてる暇は無い私が、引っ張っていくんだ、新しい時代「お前なら出来るさKeep going…」ずっと聞こえてる声眠れずに体起こし向き合う恐れ深呼吸でどうにか吐き出そうとするストレスYaw 2021の春までに本当は出来ていたアルバムそれも全部一度白紙にして作り直した自分で自分を本気で脅した一か八か伸るか反るかこれが最後のつもりでなやると決めたらやるだけさマイク持てば不安消せた時間無いの分かる12月でもう35怖い全て間に合わなくなってしまう事Yaw,14で始めたrap game沖縄のかぶれ子娘が粋がってんじゃねー舐められたくないがため、身に纏っていた棘、結局自分に刺さりずっと耐えてきたPain信じてきてくれた人達の夢「何があってもお前だけはやり続けてくれ」あの日突然消えた愛する人の行方最後私に残された言葉達の群れ速まる鼓動にこの身を委ねる浅くなってた呼吸をまた深める大丈夫、全て選ばれし者への試練やる、今、出来ることの最善だってどんな苦難だってきっと神話の一部だと疑わず目の前の今を必死で生きること大丈夫、選ばれし者への試練やる、今、出来ることの最善 let's goこの歌詞をマイ歌ネットに登録>このアーティストをマイ歌ネットに登録>",2022/3/4,情報なし
49,WHORU? ft. ANARCHY,"You should go the fuck home and meditate on this shit boyWe're living intuitivelyPurely knowing itA.W.C.お前の弱いマフィア出直して古いサティアンラッパーの目には涙何人が失うのそのキャリア？欲しいの全部買う売られてない喧嘩も買う予算管理しなくてもI bounce back like a balloon同じ土俵無理ザコいその頭ん中熟知Give the whole thing to meI've been been through it当然の報いYour boyfriend 惚れ込む媚びないエロス腐ったシーンを解毒選ばれし女神のゲノムまじお前誰？マジでお前誰？Give me the whole thing manI reign on these bitches乗らないと負けAy yo, Chaki why they testing me？I got ANARCHY to the left of meI got young killaz steady check for meAnd I still rep the rock till the death of me街の喧嘩小僧ダチは前科者見てきた色んなものChanelに取り憑かれた女の子物が溢れてる影にいい物が隠れてるどれもまがいもん売れたらダサくてもいいんじゃないの？リアルって何？まじリアルって何？てかお前誰？なーお前は誰？COOLな奴ら1%もいないんじゃない？三つ数えるから泣き止めデニムでも履いてれば味が出るまじお前誰？マジでお前誰？Give me the whole thing manI reign on these bitches乗らないと負けAy yo, Chaki why they testing me？I got ANARCHY to the left of meI got young killaz steady check for meAnd I still rep the rock till the death of me＜Outro＞You can't make me respect you man that shit is earnedYou used to love me but you now hating now that shit is“learned”You don't know what to feel about meYou don't know what you doingBut we knowing itこの歌詞をマイ歌ネットに登録>このアーティストをマイ歌ネットに登録>",2017/8/8,情報なし
50,Bloodshot ft. JP THE WAVY,"Lil bitch sit downお前の男はよく知ってる私の周りみんなやってる知らないの？He is a ho, GirrrlDon't be fucking the hoes on real shit肺を吐き出すほどに咳き込んでるずっと何かしら拭いてる Noses鼻炎が口実　記憶は喪失Ah shit all them boys so sick生はほんとやめておけクソしかいないよこの場所から出して興味なんてないよ　もう離して Uhまじで　無理 I just got po'd onみてこれ Chh fuckまじで My worst day looking like birthday yea hoBoy get off my nutsI don't want your shots待って私の携帯はどこ？ Ah shitOh my fucking godくらってきたまた家まで帰れないよ Ya hoeBlood shotBlood shotGeekyEasyChit chat I don't like yo chit chatBish sit down I said lil bitch sit downIssa pump da pump の ISSAShotgun shot shot shotgunど健全 Boy に完全全部持ってかれて JP rap　もっとファイティンモテんのも当たり前でこんなタイプ見た事ない本当 Sorry って皆が拝む Like a god (god)僻み過ぎて目が Blood shoot俺やりたい事でまた集めてく Moneyなら寄り道しないからいつも WAVY ya yaHello　もしもし　コンニチワ　世界の皆All day　好きな事したら仕事に連鎖待って　気取ってないし生きてるだけ　ただ気取ってないし中身の薄い奴下がって Paiseh気取ってばっかのお前は Crazy ya頭の回転半端ないみたいLet it hit　積む　YEN　札束忙し過ぎ Oh my fucking godまた朝まで眠れないよBlood shotBlood shotGeekyEasyChit chat I don't like yo chit chatBish sit down I said lil bitch sit downIssa pump da pump の ISSAShotgun shot shot shotgunこの歌詞をマイ歌ネットに登録>このアーティストをマイ歌ネットに登録>",2020/1/11,情報なし
51,Pressure,"How long have you been down？There's no light to be foundFeel your heart is giving up on you(Do you feel the beat？ ×2)Getting harder to breathYou don't know why your reachEnds up short again and again(You almost there ×2)You said you're done nowYour last passion has run outLook me in my eyesLet me tell you something right nowAll the way, all the way, all the way inAll the way, all the way, all the way inMaintain your focus here and now don't run awayCome just feel the pressureCome just feel the pressure yeaCome just feel the pressureCome just feel the pressureDon't you know you are my shiniest diamond？So come just feel the pressureKeep running don't stopDon't lose your sightRemember it gets the darkest before you shineStay put, take heats, all the limits unlockedOne day your vision would cut through darkWhere did all my love go？Please respond to my callI'm lost in all the time and spaceYou said you're done nowYour last passion has run outLook me in my eyesLet me tell you something right nowAll the way, all the way, all the way inAll the way, all the way, all the way inAnd when you rise, your light will last to eternityCome just feel the pressureCome just feel the pressure yeaCome just feel the pressureCome just feel the pressureDon't you know you are my shiniest diamond？So come just feel the pressureKeep running don't stopDon't lose your sightRemember it gets the darkest before you shineStay put, take heats, all the limits unlockedOne day your vision would cut through darkYou lungs are caving and your passion is sinkingYour mind is playing with your fear and memoriesThis is your truest momentIf you know you're chosenTurn all their voices into beautiful symphonyCome just feel the pressureCome just feel the pressure yeaCome just feel the pressureCome just feel the pressureDon't you know you are my shiniest diamond？So come just feel the pressureこの歌詞をマイ歌ネットに登録>このアーティストをマイ歌ネットに登録>",2018/10/10,情報なし
52,Present,"「誰もがhappiness」そっぽむいた流し目で約束するshow windowsさぁ何が欲しいの？Oh noI don't need nothingNothing but youNothing but youIt's trueただ一つしかないあなたの輝きをそばで感じていたい世界が終わるまでI know　わがままだよねせめて夜が明けるまで多分 You're the one who can save meYou're the one who can save meTonight, tonightI need youBy my sideBy my sideI need you by my side何も言わないでせめて夜が明けるまで多分 You're the one who can save meThe one who can save meもう何もいらないのCause you're present今ここにThat's the only gift for meAnd tonight is the eveAnd your presence is the giftIt's Merry Merry ChristmasYou're the only thing I need鐘が鳴り響きLet me know that the present is the giftIt's Merry Merry ChristmasYou're the only thing I need一緒にOur story never endsJust hold me夜が明けるまでこの歌詞をマイ歌ネットに登録>このアーティストをマイ歌ネットに登録>",2020/12/4,情報なし
53,Pendulum,"見つめられるほどにInside my heart　誓うの大切な何かを失わぬ様にMoney on my mindLove me for my life震えてる君の瞳に暗れ惑う NightsPlease don't tell me lies二度と迷わぬように息を呑むほどの美しさでYou came into my life誰もが手を伸ばしたくなるほどの魔力を持つ EyesI say hello you said hiきっとその瞬間から狂い出した歯車はもう We can't stop right now曖昧な態度がまた Hold me back言葉だけじゃなく Show me that偽りなら Don't call me backあれからずっと張り詰めたままの心Can't sleep もう出来ない Relax鏡に映る自分との Promiseここまで来たなら No falling back世界で一番狂おしい Trap絶えず押し寄せる Wave仮面から覗く FaceI have to live my way何度も確かめるOh　どれが本当の自分なの？わかってたのになぜ I'm afraid？Money on my mindLove me for my life震えてる君の瞳に暗れ惑う NightsPlease don't tell me lies二度と迷わぬように揺れるペンデュラムLeft to right, right or wrong？誰か教えてLove me or love me not？間違いだらけの今まででも「あの日変われたんだ」なんていつの日か笑えるの？赤い薔薇の花束七色に輝く Diamond嘘と知ってて信じた愛するあの人のためなんかじゃない自分自身貫くため分かれ道はいつも一人I gotta make my mind up全て脱ぎ捨ててI show you my true self本当に Can you do the same？言葉じゃもう足りないOh　いつから僕らはこんなにも残酷な Game で遊んでるの？終わりなき迷路にInside my heart　聞こえる握りしめるほどに隙間から零れ落ちる見つめられるほどにInside my heart　誓うの大切な何かを失わぬ様にMoney on my mindLove me for my life震えてる君の瞳に暗れ惑う NightsPlease don't tell me lies二度と離さぬようにこの歌詞をマイ歌ネットに登録>このアーティストをマイ歌ネットに登録>",2023/12/15,情報なし
54,What You Want ft. IO,Right nowWhy you price down？Why you leveling your shit with these rundowns？あの子たちにはまだわからない欲しくても深いとこまで掘れない NoBut baby I canもっと気づかせる存在価値何でもさらけ出してDon't hideWhat you want to do to me何も怖くないWhat you wanna do babe？What you wanna do to me babe？You know I can love youYou know I can love you babe後ろ見ずきたここまでLet's get started　その言葉も面影増えた Moneyけどいまだ走る CityMama told me relax I said I'm sorryLook at my squadBigchain　光らす NeckWe just playing　勝ち続けるこの Game嘘みたいな Speed　駆け上がる Top嘘つける Girl といる夜もあるEverything crazy脱ぎ捨てるまた Heavy weight hoodie yaFeel like 80's綺麗事を片付ける Baby ya気づかぬふりしてれば FreeI'm busy U knowだから Trust me何て言う気は無いただ別にWhat you wanna do？本当の俺はきみに…You & meMe & you？夜中のハート既読スルー大事なもの突き放した痛みで測る True value？そんなに怖い Of a broken heart？溺れそうになれば掛ける歯止めをそれで失うモメンタムI need you to hear　心の声をThey don't make them like you no moreThey don't make them like you no more nowadaysなのにそんな簡単にあげちゃうのはなぜ？出会い、別れ、泣かせ、そんなのただの流れI know you want to go deeperいいよ。私の中でWhat you wanna do babe？What you wanna do to me babe？You know I can love youYou know I can love you babeI'm swift ×3 No TaylorI serve ×3 No waiterI'm a full course mealMad flavorsYou ain't satisfied with that bitchShe is a wafer！You are 限定盤なかなか手に入らん少数生産You are limited editionYou are kingYou come through shut shit down閉館！この歌詞をマイ歌ネットに登録>このアーティストをマイ歌ネットに登録>,2018/7/20,情報なし
55,Poison ft. NENE,涙を片手に注ぐ Potion傷跡は栄光 Cause I'm strongerハマっちまうほどGimme the poisonアクセルベタ踏みで砂埃撒き散らしバグった Queens のお通り律儀に Hate くれて何よりRich bitch shit　ジェラスも醍醐味Gimme that poisonGimme that blow煙　炙り森に Snowおびき寄せたら血を抜く大蛇首に巻き勝ち誇る Like Delilah良いお薬　毒ほどは効かぬ良い女 Bad boyz を嗜むイタイ Hoes big noise でいきがる「Get money」 Bad bitches の美学涙を片手に注ぐ Potion傷跡は栄光 Cause I'm strongerハマっちまうほどGimme the poisonDon't tell me to slow down down down down後戻りなんてもうしない Yay yay生きて帰れた時こそI'm stronger strongerハマっちまうほどGimme the poisonさっさと潮ふけば？毒がなきゃ濡れないの Vagina目つきが悪いのは環境のせいとか言ってもばりばり自分のせい返信は後日じゃ話になんねぇーしゃべえ奴しゃぶってんじゃねーよNENE と Awich混ざったら終わり何にもない日にぶっ放す花火クソなことでも私なら金になる汚ねぇ帰路で運ぶキロ昨日流した涙はダイヤ火の中で狂ってるタイマー涙を片手に注ぐ Potion傷跡は栄光 Cause I'm strongerハマっちまうほどGimme the poisonDon't tell me to slow down down down down後戻りなんてもうしない Yay yay生きて帰れた時こそI'm stronger strongerハマっちまうほどGimme the poisonこの歌詞をマイ歌ネットに登録>このアーティストをマイ歌ネットに登録>,2020/1/11,情報なし
56,Move Way,I'm sorry what's your name？I don't fucking know your faceStop swearing you can love meYou ain't seen half of my baggageNo noI'm sorry I have changedI'm not the girl you thought you tamedI said I'mma love you till the end of my daysBut everybody makes mistakesHow long you gon keep me here？You ain't got nothing funny for me to hearLook how my phone is blowing upI gotta goBoy don't you know I'm going up？You was always words no actionA fool thinking I had no optionNow you suffer your contradictionCause the whole time you was selling your dick shortThe whole time your ass was loving them allI was the one that had to deal with your darknessThese hoes cannot survive this catharsisAnd still come on top of the marketCryAs I did for youDon't hold it backYou triedTo keep me down butOh no no noOh no no noI barely felt you thereWe operate on different wavesYou don't belong here you're a strangerThere go that bitchGo and chase herI probably look insaneBut who the fuck cares？I'm onto the next oneCheck 1 2Zulu on the beat tooDo you wanna be too transcending all the bullshit？Cause I was there for you through itPutting MoneyGrams on countiesShowed you the bright side when you couldn't seeRemember？CryAs I did for youDon't hold it backYou triedTo keep me down butOh no no noOh no no noこの歌詞をマイ歌ネットに登録>このアーティストをマイ歌ネットに登録>,2017/8/8,情報なし
57,やっちまいな feat. ANARCHY,"私は殺し屋なんかじゃないでも見くびらないでこいつを狙うんだったら無傷では帰れないぜ瞬く間に、増えるmy moneyJealousy剥き出すお前はFunnyQueendom、runするこのbig cityBusyな美人が降らすBig racksI make you Bow Down my words are爆弾際どすぎYouTube動画削除常識を覆す試行錯誤次もきっともっと問題作よ問題作を作ってなんぼここって時にビビンじゃねーぞこれはラッパー全員のテーマやられる前にやるしかねーなAhh　やっちまいなGet the money get the money　バリバリ yaI'ma run it I'ma run it　ギリギリ yaGet the money get the money　バリバリ yaI'ma run it I'ma run it　ギリギリ yaGame勝ち抜く　モノホンPlayersよそもんHaters　とことん征伐鼓膜ぶち抜く12ゲージShotgunReload　満タン、言葉の散弾Get the money get the money　バリバリ yaI'ma run it I'ma run it　ギリギリ yaGet the money get the money　バリバリ yaI'ma run it I'ma run it　ギリギリ yaGame勝ち抜く　モノホンPlayersよそもんHaters　とことん征伐鼓膜ぶち抜く12ゲージShotgunReload　満タン、言葉の散弾Don't Don't Don't be scared, boyDon't be scaredDon't Don't Don't be scared, boyDon't be scared義理人情だけでは No moneyもたもたしてたら　即Dead bodyKingに教わる How to be the boss恐れるな、まるで武士の如く涙なんか見せるな死んだら終わり。何がTHUG LIFE渡って来た危ない橋この生き方しか知らないだろ？撃ち込まれるマシンガン命も一つだけじゃ足りない優しさも邪魔でしかないだってここには神なんて居ないんだろ？やるかやられるかしかない世界で弱みを見せたら一瞬でおじゃん押しちゃいけないボタン押したのはむこうだ仕方ない消えてもらう売られた喧嘩はきっちり買うけど耳をそろえてお釣りは貰うKingである為に命張るQueenの一言で金が舞う欲しい物は全部掴み取る世界見渡せる頂きに登る登るためには代償も付きもん何か失って何か掴む駆け抜けた荊棘の道誇る脳天に刻め I'm the one chosenもう火蓋は切って落とされた覚悟を決めたならやるしかねーなAhh　やっちまいなGet the money get the money　バリバリ yaI'ma run it I'ma run it　ギリギリ yaGet the money get the money　バリバリ yaI'ma run it I'ma run it　ギリギリ yaGame勝ち抜く　モノホンPlayersよそもんHaters　とことん征伐鼓膜ぶち抜く12ゲージShotgunReload　満タン、言葉の散弾Get the money get the money　バリバリ yaI'ma run it I'ma run it　ギリギリ yaGet the money get the money　バリバリ yaI'ma run it I'ma run it　ギリギリ yaGame勝ち抜く　モノホンPlayersよそもんHaters　とことん征伐鼓膜ぶち抜く12ゲージShotgunReload　満タン、言葉の散弾やっちまいなこの歌詞をマイ歌ネットに登録>このアーティストをマイ歌ネットに登録>",2022/3/4,情報なし
58,4:44,あの日の約束あなたは覚えているの？　ねぇLoving you is the worst way to get to youBaby tell me what the fuck is a girl to do？口だけじゃなくて More冒して　危険をってかどうでもいい Butもっと会いたい会い、会い、会い、会いたい忙しいでしょ？　なんて気取らずになりふり構わずに邪魔してよ青くなる窓眺め　締め付けられる記憶4:44　ちょうど毒が回る時刻いつもの部屋はいつもよりも深く君を　罪ごと消した卑怯な消しゴム重い体起こしてとるペン英語がわからない君のため書き直すあの歌暇さえあれば二人のラインずっと遡る会いたいの Overdose今何してんの？って聞く君が好きだったとりとめもない事　繋ぎとめても意味がないI know this　でも私のこと考えててずっと考えてて話したいことたくさんあるって言ってた夜待ってるのは Only me　きっともう忘れてる薬がないとまだ笑えない君に愛をあげたいけどWhat can you give me？Loving you is the worst way to get to youBaby tell me what the fuck is a girl to do？口だけじゃなくて More冒して　危険をこの歌詞をマイ歌ネットに登録>このアーティストをマイ歌ネットに登録>,2020/1/11,情報なし
59,"Link Up feat. KEIJU, ￥ellow Bucks",ストリートのBibleAll the hustlasに愛をリスクと代償顔色変えずまたGrind onAll of my friends　利益と愛情Okinawa　島が一番私がBoss Gyal　覚悟は決めた異論は認めん　唾奇もOZもチコもdaiaも皆ついてこい横に走るヤシの木のstrips海岸 Top Down 58をdrive見上げる雲は竜の形098　異国の街電話が来る迎えにいく2 bad boys at the airportここにくれば全員がbrothersBad Mindはもう海の彼方East side west side(Let's Link up)North side south side(Let's Drink up)そこにもストーリーがあると知ったThanks to Hip HopTo Hip HopEast side west side(Let's Link up)North side south side(Let's Drink up)要らない壁はもう、砕け散ったThanks to Hip HopTo Hip Hop誰もいない　ステージの前いらない答え　ただあげる声見せびらかす気もない　けどあれから想像もしない夢の手前Boys from the Kandytown　描いた夢もうしない誰かのせい撫でる胸Peace to Yushi　贈るこのMusicWe Gon be Alright　お前がくれた勇気忘れず、Here I Come光る まるで渋谷　1番星みたい日々磨く　長い夜　から学び今があるMy Style　周りみんな送るLove0から100 you gon see me shine覚悟決めるよに Everynight自分の手で掴むBetter LifeLook me in my eyezEast side west side(Let's Link up)North side south side(Let's Drink up)そこにもストーリーがあると知ったThanks to Hip HopTo Hip HopEast side west side(Let's Link up)North side south side(Let's Drink up)要らない壁はもう、砕け散ったThanks to Hip HopTo Hip Hop導かれたかのようにこのバースを蹴るI'm so　東海　高速下をSurviveそんじゃそこ等のヘタレじゃ勝ち上がれない All right？uh We on the grindingしがらみかき分け 41をDrivingMy Hero AKさんRYOWさんトコナメさんここまで来たならもうお隣さんだろ？天下取り名古屋兄弟とNew Story作る最中夜の街でFucked upしてLink upんででっかく繋がってくEast side to da west side姐さんにHennessyを注ぐぜこの街の伝統とやらも継ぐぜそのかわり後からゴタゴタ言うのは無しだぜオレ達のクソデカい未来に幸あれEast side west side(Let's Link up)North side south side(Let's Drink up)そこにもストーリーがあると知ったThanks to Hip HopTo Hip HopEast side west side(Let's Link up)North side south side(Let's Drink up)要らない壁はもう、砕け散ったThanks to Hip HopTo Hip Hopこの歌詞をマイ歌ネットに登録>このアーティストをマイ歌ネットに登録>,2022/3/4,情報なし
60,Love Me Up,Roll me upSmoke me upOh baby please won't you love me upOhohohohoh巻き髪なびく女の子熱い視線灯す男の子She was just always around the crew yea手を繋ぎ抜け出す Rendez-vous yea見上げれば朝日と踊る雨お嫁に行く女狐を CelebrateWe turning everything golden来た道戻るとかまじ No wayI got a new boy and that n**** trade yeaI got a new toy SLK yeaWait　帰れないよガス欠思い出せない Way I came笑い転げた ROTFL yeaWe lost We lost羽をなくした二人は AngelsWe lost We lost屋根をなくした Black baby benz魔法を込めた ZiplocIce cream な時をフロート息を止め Lip lockOh babyRoll me upSmoke me upOh baby please won't you love me upOhohohohohクラッチバッグ片手に Vacation光が花咲かす LocationThey getting mad cause we been boo'd up前世もびっくり De de deja-vu yea世界の秘密と君のユーモア王様 Game とどこでもドア気づけば体がサルバドールダリ記憶の固執をさまよう二人Time keep slipping and keep slipping into futureUFO みたいなアロマディフューザーFinally we running time and time not running weやっと時間を追い越せたみたいWe know We knowそして鏡は窓に変わる YeaWe know We knowそして僕らはまた飛び立つ Yea魔法を込めた ZiplocIce cream な時をフロート息を止め Lip lockOh babyRoll me upSmoke me upOh baby please won't you love me upOhohohohohLove me love me love me upRoll me roll me roll me upSmoke me smoke me smoke me upこの歌詞をマイ歌ネットに登録>このアーティストをマイ歌ネットに登録>,2018/10/10,情報なし
61,Revenge,Trigga fingaz high up in di air星の一つを打ち落とせる信じながら仰ぎ見るskyまだ癒えない傷　upon di mind家で待つ笑い声こんなにも　so far awayもう随分遠くまででもケリつけるまで　cannot back awayPow pow pow夜に鳴く　gun Fireあいつのハートが真っ赤に咲いたまるで島のデイゴの花みたいだ泣いたとめどなく泣いたでも　I rise up今度こそは　it's my turnThis is my revengeThis is my revengeI go up go up I go upI roll up roll up I roll upI do it for the 愛きっとそれが答えI go up go up I go upI roll up roll up I roll up下はもう見ない小さくなる世界Do you wanna live foreverDo you wanna love forever許せばいい。それだけ。Now I knowNow I knowDo you wanna live forever？Do you wanna love forever？聞こえる “Keep on going”Now I knowNow I know(UnderstandStand in loveBless)Do you wanna live　ずっと笑って上向いて泥だらけの顔を洗って雨よ、波よ、髪をとかす風よもし聞こえているなら　make em shottaz knowこの言葉が bullets引き金引く melody の上死んでた目に今映す夢Tune hot so you better get in tune nowChoose love　決めるのは myselfChoose life　死ぬほどに生きてChoose dream　クタクタになってChoose peace　全ては oneSo I go run this city　我の番です耳をすませばわかる freedom　その意味私が消す limitThis is my revengeI go up go up I go upI roll up roll up I roll upI do it for the 愛きっとそれが答えI go up go up I go upI roll up roll up I roll up下はもう見ない手が届く未来Do You wanna live foreverDo You wanna love forever許せばいい。それだけ。Now I knowNow I knowDo You wanna live foreverDo You wanna love forever聞こえる “Keep on goin”Now I knowNow I knowThis is my revengeThis is my revengeThis is my revengeThis is my revengeこの歌詞をマイ歌ネットに登録>このアーティストをマイ歌ネットに登録>,2020/8/21,情報なし
62,Remember ft. YOUNG JUJU,"I've always been by your sideDo you remember？I've always been by your sideDo you remember me？I've always been by your sideYoung rich遊んでる平日イかれたブレーキBut she 平気But she 平気Cuz she is playing.You know me I'm crazy楽しむだけ別に俺は本気とは遠いだからbad bitches ならwant meFuck how you feel nowFuck how you feel now急ぐなってboy you need to calm down遊びだってtold you just get down yea明日にはもうない昨日はもう戻らないSorry Mama this is my lifeDon't worryI got moneyI'm feeling alrightSorry it's my life怖がらないでなぜ you afraid？You know my face yea？I'ma get you rightI'ma get you higherHigher, higher, higherI've always been by your sideDo you remember？I've always been by your sideDo you remember me？I've always been by your side420からburn up早い話turn up溢れんばかりの紫色Whole syrup per cupCup after cup after cupかばってくれても無駄now聖人じゃないのName me the psycho言われるの気にする次元じゃないの楽しむことへのギルトずっと抱えながら生きるの？Don't you don't you know that that will kill you slowMove from me now move move from me now boyI put it on my daughter自由な自分を持ってる誰もがリミット外して思い出すコアLife's shortHave funPour upBun oneSorry it's my life怖がらないでなぜ you afraid？You know my face yea？I'ma get you rightI'ma get you higherHigher, higher, higherI've always been by your sideDo you remember？I've always been by your sideDo you remember me？I've always been by your sideDo you do you rememberI was always by your sideDo you do you rememberI was always by your sideOne time fi ya mindYou are always mineEven when you were on lowestYou hafi know that I'll be thereこの歌詞をマイ歌ネットに登録>このアーティストをマイ歌ネットに登録>",2017/8/8,情報なし
63,Lose Control,Lose control all over meとろける声が Killing me誰も知らない顔でいじわるするYou're my sweetest tabooYou call me babyI call you daddy体中で Want to feel your loveOops light is redOops the seat is wetYou not playing no gameKiss me on my neckTouch between my legsI breathe out your nameThen you tell me to show you how much I missed yaAnd my heart breaks cause you're someone's misterCan't control your handsCan't control my brainI don't understand悪い子はお仕置きだとTeach me something newよく出来ましたのご褒美に漏れる声ほら好きなだけ出してもいいよとYou give me head till I feel your thoughtsわかってるダメなのHurts me so goodLose control all over meとろける声が Killing me誰も知らない顔でいじわるするYou're my sweetest tabooYou call me babyI call you daddy体中で Want to feel your loveI'm the one you wantI'm the one you needYou feel it when I'm nearNobodyI mean nobodyCan do you like I do youWet my long black hair and you shampoo meWhile I'm sucking on your dick rudelySloppy conditionNasty positionSexy submission一緒に来て先に行くのは嫌よ舐める VIO甘い顔限界かも滴る蜜を擦り付けて泣いてる Pussy cat　慰めてもうダメ今すぐI am all yoursLose control all over meとろける声が Killing me誰も知らない顔でいじわるするYou're my sweetest tabooYou call me babyI call you daddy体中で Want to feel your loveこの歌詞をマイ歌ネットに登録>このアーティストをマイ歌ネットに登録>,2020/1/11,情報なし
64,Rainbow,"あの日結んでくれたリボンは何の色？よくは思い出せないけどどうしてそんな簡単に言えるの？「欲しい」なんて本当の自分さえも知らないくせにわかるよ壊されもう何も信じれないねぇそれを一瞬でいいから忘れたかの様に笑って見せて頬をなでた街灯を背に涙残して悲しむrainbow綺麗な顔って馬鹿にしないで「遊びだよ」ってハート解いてChina China MoonShangri-La Shangri-LaChina China MoonShangri-La Shangri-LaHey show me your Shangri-La甘い声で戯れてくる野良猫みたい100万回死んで来たのね目を閉じる癖　夜中の電話も全部そう奪おうとしてるけれどでもね　愛は与えるものわかるよ壊されもう何も信じれないねぇそれを一瞬でいいから忘れたかの様に笑って見せて頬をなでた街灯を背に涙残して悲しむrainbow綺麗な顔って馬鹿にしないで「遊びだよ」ってハート解いてYou lean to smile when meetingLearn to cry when partingYour pain taste like my own salivaToo familiarToo… familiar…Street lights caressing my wet cheeks and bendingthemselves in my teardropsThe prisms of sorrowBeautiful mask, whom are you trying to fool now？Truth is half the battleHave my heart unraveledChina China MoonShangri-La Shangri-LaChina China MoonShangri-La Shangri-LaHey show me your Shangri-La甘い声で戯れてくる野良猫みたい100万回死んで来たのね目を閉じる癖　夜中の電話も全部そう奪おうとしてるけれどでもね　愛は与えるものこの歌詞をマイ歌ネットに登録>このアーティストをマイ歌ネットに登録>",2017/8/8,情報なし
65,Long Time,Love me slow and sureBlow by blowBitches come and goYea we knowLong time is what I'm in forI'm in for…Love me slow and sureBitches come and goYea we knowLong time is what I'm in forI'm in for…アメリカかぶれのオンナごめんね　それだけは確かフェンス越しに見て来た夢から今はただ増やしていくコンマ上手でしょ？ Yea I knowYa boyfriend loves it too怒らないでさ Girl let me love you tooプライドとかクソくらえ見返りは求めてない奪い合えば縛り合い与え合えば許し合うJust let me love you love you for a long time babyおいで楽にしてあげるLove me slow and sureBlow by blowBitches come and goYea we knowLong time is what I'm in forI'm in for…Love me slow and sureBitches come and go yea we knowLong time is what I'm in forI'm in for…アメリカかぶれのオンナOk ok ok　無視してていいよBaby I get what I want and you don't really like thatOk ok　別に関係ないじゃん「一途に」なんて本当キライ ya yaI keep it 100 100 ya　嘘はない ya ya傷つけたくないなんて言い訳また飛んでいなくなる I spirit awayLove me slow and sureBitches come and go yea we knowLong time is what I'm in forI'm in for…この歌詞をマイ歌ネットに登録>このアーティストをマイ歌ネットに登録>,2018/10/10,情報なし